uuid	hubmap_id	acquisition_instrument_model	acquisition_instrument_vendor	analyte_class	assay_category	assay_type	cell_barcode_offset	cell_barcode_read	cell_barcode_size	created_by_user_displayname	created_by_user_email	created_timestamp	description	donor.hubmap_id	execution_datetime	expected_cell_count	group_name	is_targeted	is_technical_replicate	last_modified_timestamp	library_adapter_sequence	library_average_fragment_size	library_construction_protocols_io_doi	library_final_yield_unit	library_final_yield_value	library_id	library_layout	library_pcr_cycles	library_pcr_cycles_for_sample_index	mapped_consortium	mapped_statusdata_access_level	operator	operator_email	origin_samples_unique_mapped_organs	pi	pi_email	protocols_io_doi	published_timestamp	rnaseq_assay_input	rnaseq_assay_method	sc_isolation_cell_number	sc_isolation_enrichment	sc_isolation_entity	sc_isolation_protocols_io_doi	sc_isolation_quality_metric	sc_isolation_tissue_dissociation	sequencing_phix_percent	sequencing_read_format	sequencing_read_percent_q30	sequencing_reagent_kit	status
#		Manufacturers of an acquisition instrument may offer various versions (models) of that instrument with different features or sensitivities. Differences in features or sensitivities may be relevant to processing or interpretation of the data.	An acquisition_instrument is the device that contains the signal detection hardware and signal processing software. Assays generate signals such as light of various intensities or color or signals representing molecular mass.	Analytes are the target molecules being measured with the assay.	Each assay is placed into one of the following 4 general categories: generation of images of microscopic entities, identification & quantitation of molecules by mass spectrometry, imaging mass spectrometry, and determination of nucleotide sequence.	The specific type of assay being executed.	Position(s) in the read at which the cell barcode starts.	Which read file contains the cell barcode	Length of the cell barcode in base pairs				Free-text description of this assay.		Start date and time of assay, typically a date-time stamped folder generated by the acquisition instrument. YYYY-MM-DD hh:mm, where YYYY is the year, MM is the month with leading 0s, and DD is the day with leading 0s, hh is the hour with leading zeros, mm are the minutes with leading zeros.	How many cells are expected? This may be used in downstream pipelines to guide selection of cell barcodes or segmentation parameters.		Specifies whether or not a specific molecule(s) is/are targeted for detection/measurement by the assay.	Is this a sequencing replicate?		Adapter sequence to be used for adapter trimming	Average size in basepairs (bp) of sequencing library fragments estimated via gel electrophoresis or bioanalyzer/tapestation.	A link to the protocol document containing the library construction method (including version) that was used.	Units of final library yield	Total number of ng of library after final pcr amplification step. This is the concentration (ng/ul) * volume (ul)	An id for the library. The id may be text and/or numbers	Whether the library was generated for single-end or paired end sequencing	Number of PCR cycles to amplify cDNA	Number of PCR cycles performed for library indexing			Name of the person responsible for executing the assay.	Email address for the operator.		Name of the principal investigator responsible for the data.	Email address for the principal investigator.	DOI for protocols.io referring to the protocol for this assay.		Number of cell/nuclei input to the assay	The kit used for the RNA sequencing assay	Total number of cell/nuclei yielded post dissociation and enrichment	The method by which specific cell populations are sorted or enriched.	The type of single cell entity derived from isolation protocol	Link to a protocols document answering the question: How were single cells separated into a single-cell suspension?	A quality metric by visual inspection prior to cell lysis or defined by known parameters such as wells with several cells or no cells. This can be captured at a high level.	The method by which tissues are dissociated into single cells in suspension.	Percent PhiX loaded to the run	Slash-delimited list of the number of sequencing cycles for, for example, Read1, i7 index, i5 index, and Read2.	Q30 is the weighted average of all the reads (e.g. # bases UMI * q30 UMI + # bases R2 * q30 R2 + ...)	Reagent kit used for sequencing	
8e5c8f0cc61aad4fcbc5cc119bdf4c96	HBM969.CJQL.629	NovaSeq	Illumina	RNA	sequence	snRNAseq	0	R1	16	Blue Lake	b1lake@ucsd.edu	1607461846052		HBM943.SCQQ.877	2020-03-17 11:00		University of California San Diego TMC	FALSE	FALSE	1678133896297	AGATCGGAAGAGC	440	10.17504/protocols.io.86khzcw	ng	672.0	LAP90	paired-end	12	14	HuBMAP		Sarah Urata	surata@eng.ucsd.edu	['Lung (Right)']	Kun Zhang	kzhang@eng.ucsd.edu	10.17504/protocols.io.86khzcw	1624926508405	16000	snRNAseq-10Xgenomics	6220000	none	nucleus	10.17504/protocols.io.bh26j8he	OK	dounce	5	101/8/101	82.9	NovaSeq 6000 S4 Reagent	Published
26b642ddbae00e7ff6570ddd57557e26	HBM347.VDHS.379	NovaSeq	Illumina	RNA	sequence	snRNAseq	0	R1	16	Blue Lake	b1lake@ucsd.edu	1607461563593		HBM943.SCQQ.877	2020-03-17 11:00		University of California San Diego TMC	FALSE	FALSE	1678133799922	AGATCGGAAGAGC	447	10.17504/protocols.io.86khzcw	ng	553.0	LAP88	paired-end	12	14	HuBMAP		Sarah Urata	surata@eng.ucsd.edu	['Lung (Right)']	Kun Zhang	kzhang@eng.ucsd.edu	10.17504/protocols.io.86khzcw	1624926507308	16000	snRNAseq-10Xgenomics	2910000	none	nucleus	10.17504/protocols.io.bh26j8he	OK	dounce	5	101/8/101	82.75	NovaSeq 6000 S4 Reagent	Published
db9e2006effe3168b4b4f28b96e65d34	HBM369.FCNZ.863	NovaSeq	Illumina	RNA	sequence	snRNAseq-10xGenomics-v3	0	R1	16	Bill Shirey	SHIREY@pitt.edu	1647263658714	10X snRNA seq data of human kidney	HBM275.NCXJ.869	2020-10-09 11:00	4000	University of California San Diego TMC	FALSE	TRUE	1681089049333	AGATCGGAAGAGC	470	10.17504/protocols.io.86khzcw	ng	619.5	KC104	paired-end	12	14	HuBMAP		Skyler Gordon	sagordon@eng.ucsd.edu	['Kidney (Left)']	Kun Zhang	kzhang@eng.ucsd.edu	10.17504/protocols.io.86khzcw	1681089049333	6342	snRNAseq-10Xgenomics	201600	none	nucleus	10.17504/protocols.io.ufketkw	OK	dounce	0	28/8/91	92.88	NovaSeq 6000 S4 Reagent	Published
065295e6e58b1d3555a261c1bfe3b3fe	HBM695.VNZJ.522	NovaSeq	Illumina	RNA	sequence	snRNAseq	0	R1	16	Blue Lake	b1lake@ucsd.edu	1607461982621		HBM943.SCQQ.877	2020-03-17 11:00		University of California San Diego TMC	FALSE	FALSE	1678133928632	AGATCGGAAGAGC	448	10.17504/protocols.io.86khzcw	ng	588.0	LAP92	paired-end	12	14	HuBMAP		Sarah Urata	surata@eng.ucsd.edu	['Lung (Right)']	Kun Zhang	kzhang@eng.ucsd.edu	10.17504/protocols.io.86khzcw	1624926508769	16000	snRNAseq-10Xgenomics	2950000	none	nucleus	10.17504/protocols.io.bh26j8he	OK	dounce	5	101/8/101	82.81	NovaSeq 6000 S4 Reagent	Published
3b1490026022f850e4d3c3fb5e2283c9	HBM883.SPLD.238	NovaSeq	Illumina	RNA	sequence	snRNAseq	0	R1	16	Blue Lake	b1lake@ucsd.edu	1607461002919		HBM943.SCQQ.877	2019-12-17 11:00		University of California San Diego TMC	FALSE	FALSE	1678133767829	AGATCGGAAGAGC	424	10.17504/protocols.io.86khzcw	ng	409.5	LAP40	paired-end	12	12	HuBMAP		Sarah Urata	surata@eng.ucsd.edu	['Lung (Right)']	Kun Zhang	kzhang@eng.ucsd.edu	10.17504/protocols.io.86khzcw	1624926506945	15664	snRNAseq-10Xgenomics	7190000	none	nucleus	10.17504/protocols.io.ufketkw	OK	dounce	5	101/8/101	73.89	NovaSeq 6000 S4 Reagent	Published
5a7c5763aebc834b79aefd375bef42df	HBM469.MJBC.894	NovaSeq	Illumina	RNA	sequence	snRNAseq-10xGenomics-v3	0	R1	16	Bill Shirey	SHIREY@pitt.edu	1647263685537	10X snRNA seq data of human kidney	HBM984.MHHN.738	2021-06-17 11:00	2000	University of California San Diego TMC	FALSE	FALSE	1681089213462	AGATCGGAAGAGC	429	10.17504/protocols.io.86khzcw	ng	110.25	UR7	paired-end	12	12	HuBMAP		Kimberly Conklin	kiconklin@eng.ucsd.edu	['Kidney (Left)']	Kun Zhang	kzhang@eng.ucsd.edu	10.17504/protocols.io.86khzcw	1681089213462	16000	snRNAseq-10Xgenomics	157000	none	nucleus	10.17504/protocols.io.ufketkw	OK	dounce	0	28/8/91	94.35	NovaSeq 6000 S4 Reagent	Published
a36cbc166280d04c3701509b2bb11c8a	HBM846.WXJK.587	NovaSeq	Illumina	RNA	sequence	snRNAseq-10xGenomics-v3	0	R1	16	Bill Shirey	SHIREY@pitt.edu	1647263715536	10X snRNA seq data of human kidney	HBM939.TVDQ.296	2021-07-15 11:00	5000	University of California San Diego TMC	FALSE	FALSE	1681089129843	AGATCGGAAGAGC	596	10.17504/protocols.io.86khzcw	ng	959.0	UR10	paired-end	12	12	HuBMAP		Kimberly Conklin	kiconklin@eng.ucsd.edu	['Kidney (Left)']	Kun Zhang	kzhang@eng.ucsd.edu	10.17504/protocols.io.86khzcw	1681089129843	16000	snRNAseq-10Xgenomics	63800	none	nucleus	10.17504/protocols.io.ufketkw	OK	dounce	0	28/10/10/91	92.73	NovaSeq 6000 S4 Reagent	Published
f31df7345e5d56154ba469c6d5c477b3	HBM729.TFXC.825	NovaSeq	Illumina	RNA	sequence	snRNAseq-10xGenomics-v3	0	R1	16	Bill Shirey	SHIREY@pitt.edu	1647263654511	10X snRNA seq data of human kidney	HBM383.HMFP.349	2020-10-09 11:00	3000	University of California San Diego TMC	FALSE	TRUE	1681088988484	AGATCGGAAGAGC	463	10.17504/protocols.io.86khzcw	ng	1015.0	KC103	paired-end	12	14	HuBMAP		Skyler Gordon	sagordon@eng.ucsd.edu	['Kidney (Left)']	Kun Zhang	kzhang@eng.ucsd.edu	10.17504/protocols.io.86khzcw	1681088988484	9520	snRNAseq-10Xgenomics	84800	none	nucleus	10.17504/protocols.io.ufketkw	OK	dounce	0	28/8/91	92.95	NovaSeq 6000 S4 Reagent	Published
9186e3ea01394e87058709a57c16189d	HBM734.NTJP.672	NovaSeq	Illumina	RNA	sequence	snRNAseq-10xGenomics-v3	0	R1	16	Bill Shirey	SHIREY@pitt.edu	1647263670793	10X snRNA seq data of human kidney	HBM984.MHHN.738	2021-04-08 11:00	15000	University of California San Diego TMC	FALSE	TRUE	1681089102140	AGATCGGAAGAGC	459	10.17504/protocols.io.86khzcw	ng	1529.5	UR5	paired-end	12	12	HuBMAP		Dinh Diep	ddiep@ucsd.edu	['Kidney (Left)']	Kun Zhang	kzhang@eng.ucsd.edu	10.17504/protocols.io.86khzcw	1681089102140	28776	snRNAseq-10Xgenomics	174000	none	nucleus	10.17504/protocols.io.ufketkw	OK	dounce	0	28/10/10/91	95.14	NovaSeq 6000 S4 Reagent	Published
ba35e752b5c6b18f75753e76774dda65	HBM393.CCBZ.572	NovaSeq	Illumina	RNA	sequence	snRNAseq-10xGenomics-v3	0	R1	16	Bill Shirey	SHIREY@pitt.edu	1647263704488	10X snRNA seq data of human kidney	HBM984.MHHN.738	2021-07-15 11:00	11000	University of California San Diego TMC	FALSE	FALSE	1681089021365	AGATCGGAAGAGC	550	10.17504/protocols.io.86khzcw	ng	784.0	PL1	paired-end	12	12	HuBMAP		Kimberly Conklin	kiconklin@eng.ucsd.edu	['Kidney (Left)']	Kun Zhang	kzhang@eng.ucsd.edu	10.17504/protocols.io.86khzcw	1681089021365	16000	snRNAseq-10Xgenomics	197833	none	nucleus	10.17504/protocols.io.ufketkw	OK	dounce	0	28/10/10/91	93.27	NovaSeq 6000 S4 Reagent	Published
05197e30394fd88affff0a9c214c8c4c	HBM246.DMSS.835	NovaSeq	Illumina	RNA	sequence	snRNAseq	0	R1	16	Blue Lake	b1lake@ucsd.edu	1607461632982		HBM943.SCQQ.877	2020-03-17 11:00		University of California San Diego TMC	FALSE	FALSE	1678133832112	AGATCGGAAGAGC	451	10.17504/protocols.io.86khzcw	ng	507.5	LAP89	paired-end	12	14	HuBMAP		Sarah Urata	surata@eng.ucsd.edu	['Lung (Right)']	Kun Zhang	kzhang@eng.ucsd.edu	10.17504/protocols.io.86khzcw	1624926507670	16000	snRNAseq-10Xgenomics	3510000	none	nucleus	10.17504/protocols.io.bh26j8he	OK	dounce	5	101/8/101	83.01	NovaSeq 6000 S4 Reagent	Published
9049f48b97dc5edc737b67783a47e918	HBM382.HNKL.447	NovaSeq	Illumina	RNA	sequence	snRNAseq	0	R1	16	Blue Lake	b1lake@ucsd.edu	1607460454244		HBM277.XCLT.589	2020-07-02 11:00		University of California San Diego TMC	FALSE	FALSE	1678133735567	AGATCGGAAGAGC	502	10.17504/protocols.io.86khzcw	ng	938.0	PA4	paired-end	11	12	HuBMAP		Masato Hoshi	mhoshi@wustl.edu	['Kidney (Left)']	Kun Zhang	kzhang@eng.ucsd.edu	10.17504/protocols.io.86khzcw	1624926506573	16016	snRNAseq-10Xgenomics	117040	none	nucleus	10.17504/protocols.io.ufketkw	OK	dounce	1	28/8/98	91.61	NovaSeq 6000 Reagent	Published
f70d71db827901040b76926a9116bcb2	HBM793.VKVL.982	NovaSeq	Illumina	RNA	sequence	snRNAseq-10xGenomics-v3	0	R1	16	Bill Shirey	SHIREY@pitt.edu	1647263690324	10X snRNA seq data of human kidney	HBM939.TVDQ.296	2021-06-17 11:00	2000	University of California San Diego TMC	FALSE	FALSE	1681088937814	AGATCGGAAGAGC	436	10.17504/protocols.io.86khzcw	ng	182.0	KM117	paired-end	12	12	HuBMAP		Kimberly Conklin	kiconklin@eng.ucsd.edu	['Kidney (Left)']	Kun Zhang	kzhang@eng.ucsd.edu	10.17504/protocols.io.86khzcw	1681088937814	16000	snRNAseq-10Xgenomics	288000	none	nucleus	10.17504/protocols.io.ufketkw	OK	dounce	0	28/8/91	94.21	NovaSeq 6000 S4 Reagent	Published
68e6dfa4807ca615883f73a5067115cb	HBM432.RXTV.994	NovaSeq	Illumina	RNA	sequence	snRNAseq	0	R1	16	Blue Lake	b1lake@ucsd.edu	1607461909419		HBM943.SCQQ.877	2020-03-17 11:00		University of California San Diego TMC	FALSE	FALSE	1678133864217	AGATCGGAAGAGC	434	10.17504/protocols.io.86khzcw	ng	490.0	LAP91	paired-end	12	14	HuBMAP		Sarah Urata	surata@eng.ucsd.edu	['Lung (Right)']	Kun Zhang	kzhang@eng.ucsd.edu	10.17504/protocols.io.86khzcw	1624926508037	16000	snRNAseq-10Xgenomics	2200000	none	nucleus	10.17504/protocols.io.bh26j8he	OK	dounce	5	101/8/101	82.81	NovaSeq 6000 S4 Reagent	Published
8e549f307987dbb78a5c974adf4c778d	HBM542.DVXG.466	NovaSeq	Illumina	RNA	sequence	snRNAseq-10xGenomics-v3	0	R1	16	Bill Shirey	SHIREY@pitt.edu	1647263648272	10X snRNA seq data of human kidney	HBM735.BNLK.837	2020-10-09 11:00	2000	University of California San Diego TMC	FALSE	TRUE	1681089187408	AGATCGGAAGAGC	468	10.17504/protocols.io.86khzcw	ng	1165.5	KM115	paired-end	12	14	HuBMAP		Skyler Gordon	sagordon@eng.ucsd.edu	['Kidney (Left)']	Kun Zhang	kzhang@eng.ucsd.edu	10.17504/protocols.io.86khzcw	1681089187408	7490	snRNAseq-10Xgenomics	960000	none	nucleus	10.17504/protocols.io.ufketkw	OK	dounce	0	28/8/91	92.45	NovaSeq 6000 S4 Reagent	Published
d7d67aebcb007199c87fce9b7fb4ce62	HBM442.SBCR.983	NovaSeq	Illumina	RNA	sequence	snRNAseq-10xGenomics-v3	0	R1	16	Bill Shirey	SHIREY@pitt.edu	1647263646689	10X snRNA seq data of human kidney	HBM735.BNLK.837	2020-10-09 11:00	2000	University of California San Diego TMC	FALSE	TRUE	1681089075566	AGATCGGAAGAGC	468	10.17504/protocols.io.86khzcw	ng	1165.5	KM115	paired-end	12	14	HuBMAP		Skyler Gordon	sagordon@eng.ucsd.edu	['Kidney (Left)']	Kun Zhang	kzhang@eng.ucsd.edu	10.17504/protocols.io.86khzcw	1681089075566	7490	snRNAseq-10Xgenomics	960000	none	nucleus	10.17504/protocols.io.ufketkw	OK	dounce	0	28/8/91	93.03	NovaSeq 6000 S4 Reagent	Published
e16384faf175ed7196aa262f5c602275	HBM687.FWNC.555	NovaSeq	Illumina	RNA	sequence	snRNAseq-10xGenomics-v3	0	R1	16	Bill Shirey	SHIREY@pitt.edu	1647263656646	10X snRNA seq data of human kidney	HBM383.HMFP.349	2020-10-09 11:00	3000	University of California San Diego TMC	FALSE	TRUE	1681088964661	AGATCGGAAGAGC	463	10.17504/protocols.io.86khzcw	ng	1015.0	KC103	paired-end	12	14	HuBMAP		Skyler Gordon	sagordon@eng.ucsd.edu	['Kidney (Left)']	Kun Zhang	kzhang@eng.ucsd.edu	10.17504/protocols.io.86khzcw	1681088964661	9520	snRNAseq-10Xgenomics	84800	none	nucleus	10.17504/protocols.io.ufketkw	OK	dounce	0	28/8/91	92.31	NovaSeq 6000 S4 Reagent	Published
85c24a9f09f198de788e4ec2afe37f29	HBM733.GBWP.269	NovaSeq	Illumina	RNA	sequence	snRNAseq-10xGenomics-v3	0	R1	16	Bill Shirey	SHIREY@pitt.edu	1647263738760	10X snRNA seq data of human kidney	HBM994.SGLP.263	2021-09-29 11:00	6000	University of California San Diego TMC	FALSE	FALSE	1681089157623	AGATCGGAAGAGC	530	10.17504/protocols.io.86khzcw	ng	1655.5	PL5	paired-end	12	11	HuBMAP		Kimberly Conklin	kiconklin@eng.ucsd.edu	['Kidney (Left)']	Kun Zhang	kzhang@eng.ucsd.edu	10.17504/protocols.io.86khzcw	1681089157623	16000	snRNAseq-10Xgenomics	243000	none	nucleus	10.17504/protocols.io.ufketkw	OK	dounce	0	28/10/10/91	93.96	NovaSeq 6000 S4 Reagent	Published
