organId,organ_label,refOrgan,refOrganAs,dataset,modality,as_label
http://purl.obolibrary.org/obo/UBERON_0002097,skin of body,http://purl.org/ccf/latest/ccf.owl#VHMSkinV1.1,http://purl.obolibrary.org/obo/UBERON_0002097,https://doi.org/10.1126/science.abl4290#GTEX-1CAMR-5015-SM-HPJ3B,bulk,skin of body
http://purl.obolibrary.org/obo/UBERON_0002097,skin of body,http://purl.org/ccf/latest/ccf.owl#VHMSkinV1.1,http://purl.obolibrary.org/obo/UBERON_0002097,https://doi.org/10.1126/science.abl4290#GTEX-1CAMR-5015-SM-HPJ3B,bulk,skin of body
http://purl.obolibrary.org/obo/UBERON_0002097,skin of body,http://purl.org/ccf/latest/ccf.owl#VHMSkinV1.1,http://purl.obolibrary.org/obo/UBERON_0002097,https://doi.org/10.1126/science.abl4290#GTEX-1CAMR-5015-SM-HPJ3B,bulk,skin of body
http://purl.obolibrary.org/obo/UBERON_0002097,skin of body,http://purl.org/ccf/latest/ccf.owl#VHMSkinV1.1,http://purl.obolibrary.org/obo/UBERON_0002097,https://doi.org/10.1126/science.abl4290#GTEX-1HSMQ-5007-SM-GKSJG,bulk,skin of body
http://purl.obolibrary.org/obo/UBERON_0002097,skin of body,http://purl.org/ccf/latest/ccf.owl#VHMSkinV1.1,http://purl.obolibrary.org/obo/UBERON_0002097,https://doi.org/10.1126/science.abl4290#GTEX-1HSMQ-5007-SM-GKSJG,bulk,skin of body
http://purl.obolibrary.org/obo/UBERON_0002097,skin of body,http://purl.org/ccf/latest/ccf.owl#VHMSkinV1.1,http://purl.obolibrary.org/obo/UBERON_0002097,https://doi.org/10.1126/science.abl4290#GTEX-1HSMQ-5007-SM-GKSJG,bulk,skin of body
http://purl.obolibrary.org/obo/UBERON_0002097,skin of body,http://purl.org/ccf/latest/ccf.owl#VHMSkinV1.1,http://purl.obolibrary.org/obo/UBERON_0002097,https://doi.org/10.1126/science.abl4290#GTEX-15EOM-5003-SM-G64IH,bulk,skin of body
http://purl.obolibrary.org/obo/UBERON_0002097,skin of body,http://purl.org/ccf/latest/ccf.owl#VHMSkinV1.1,http://purl.obolibrary.org/obo/UBERON_0002097,https://doi.org/10.1126/science.abl4290#GTEX-15EOM-5003-SM-G64IH,bulk,skin of body
http://purl.obolibrary.org/obo/UBERON_0002097,skin of body,http://purl.org/ccf/latest/ccf.owl#VHMSkinV1.1,http://purl.obolibrary.org/obo/UBERON_0002097,https://doi.org/10.1126/science.abl4290#GTEX-15EOM-5003-SM-G64IH,bulk,skin of body
http://purl.obolibrary.org/obo/UBERON_0000948,heart,http://purl.org/ccf/latest/ccf.owl#VHMHeart,http://purl.obolibrary.org/obo/UBERON_0002084,https://entity.api.hubmapconsortium.org/entities/17f67cb15e59f65e640d85d2f3866cde,bulk,heart left ventricle
http://purl.obolibrary.org/obo/UBERON_0000948,heart,http://purl.org/ccf/latest/ccf.owl#VHFHeart,http://purl.obolibrary.org/obo/UBERON_0002084,https://entity.api.hubmapconsortium.org/entities/d6e6c8e452ed628425e9e928306a6db0,bulk,heart left ventricle
http://purl.obolibrary.org/obo/UBERON_0000948,heart,http://purl.org/ccf/latest/ccf.owl#VHFHeart,http://purl.obolibrary.org/obo/UBERON_0002080,https://entity.api.hubmapconsortium.org/entities/d6e6c8e452ed628425e9e928306a6db0,bulk,heart right ventricle
http://purl.obolibrary.org/obo/UBERON_0000948,heart,http://purl.org/ccf/latest/ccf.owl#VHFHeart,http://purl.obolibrary.org/obo/UBERON_0002094,https://entity.api.hubmapconsortium.org/entities/d6e6c8e452ed628425e9e928306a6db0,bulk,interventricular septum
http://purl.obolibrary.org/obo/UBERON_0000948,heart,http://purl.org/ccf/latest/ccf.owl#VHFHeart,http://purl.obolibrary.org/obo/UBERON_0002084,https://entity.api.hubmapconsortium.org/entities/35e9bf0f58152ceb6f4d01052ac8867d,bulk,heart left ventricle
http://purl.obolibrary.org/obo/UBERON_0000948,heart,http://purl.org/ccf/latest/ccf.owl#VHFHeart,http://purl.obolibrary.org/obo/UBERON_0002084,https://entity.api.hubmapconsortium.org/entities/26e1f2991c6f67fa10e9670f1bc0da6a,bulk,heart left ventricle
http://purl.obolibrary.org/obo/UBERON_0000948,heart,http://purl.org/ccf/latest/ccf.owl#VHMHeart,http://purl.obolibrary.org/obo/UBERON_0002084,https://entity.api.hubmapconsortium.org/entities/de78115cc476af9422f916ddfbccbfb6,bulk,heart left ventricle
http://purl.obolibrary.org/obo/UBERON_0000948,heart,http://purl.org/ccf/latest/ccf.owl#VHFHeart,http://purl.obolibrary.org/obo/UBERON_0002084,https://entity.api.hubmapconsortium.org/entities/2d0deacd8be70eefbdc33ac107d97e58,bulk,heart left ventricle
http://purl.obolibrary.org/obo/UBERON_0000948,heart,http://purl.org/ccf/latest/ccf.owl#VHFHeart,http://purl.obolibrary.org/obo/UBERON_0002084,https://entity.api.hubmapconsortium.org/entities/22684b9011fc5aea5cb3f89670a461e8,bulk,heart left ventricle
http://purl.obolibrary.org/obo/UBERON_0000948,heart,http://purl.org/ccf/latest/ccf.owl#VHFHeart,http://purl.obolibrary.org/obo/UBERON_0002084,https://entity.api.hubmapconsortium.org/entities/8b65acdfecc504e9a96c84643c3ab02c,bulk,heart left ventricle
http://purl.obolibrary.org/obo/UBERON_0000059,large intestine,http://purl.org/ccf/latest/ccf.owl#VHMColon,http://purl.obolibrary.org/obo/UBERON_0001156,https://entity.api.hubmapconsortium.org/entities/c8ee4bd8f052b50fab2e9e9365793374,spatial,ascending colon
http://purl.obolibrary.org/obo/UBERON_0000059,large intestine,http://purl.org/ccf/latest/ccf.owl#VHFLargeIntestine,http://purl.obolibrary.org/obo/UBERON_0001157,https://entity.api.hubmapconsortium.org/entities/efaecdc1565274900386733cf1661ca6,spatial,transverse colon
http://purl.obolibrary.org/obo/UBERON_0000059,large intestine,http://purl.org/ccf/latest/ccf.owl#VHMColon,http://purl.obolibrary.org/obo/UBERON_0001156,https://entity.api.hubmapconsortium.org/entities/24f6fc63d7f0444d459de7f419701e86,bulk,ascending colon
http://purl.obolibrary.org/obo/UBERON_0000059,large intestine,http://purl.org/ccf/latest/ccf.owl#VHMColon,http://purl.obolibrary.org/obo/UBERON_0001157,https://entity.api.hubmapconsortium.org/entities/9b18ca7a4c869239ddf80f0dbae7438d,spatial,transverse colon
http://purl.obolibrary.org/obo/UBERON_0000059,large intestine,http://purl.org/ccf/latest/ccf.owl#VHFLargeIntestine,http://purl.obolibrary.org/obo/UBERON_0001153,https://entity.api.hubmapconsortium.org/entities/d1d10cfa18d059a96365998fe6406ca9,bulk,caecum
http://purl.obolibrary.org/obo/UBERON_0000059,large intestine,http://purl.org/ccf/latest/ccf.owl#VHFLargeIntestine,http://purl.obolibrary.org/obo/UBERON_0001156,https://entity.api.hubmapconsortium.org/entities/d1d10cfa18d059a96365998fe6406ca9,bulk,ascending colon
http://purl.obolibrary.org/obo/UBERON_0000059,large intestine,http://purl.org/ccf/latest/ccf.owl#VHFLargeIntestine,http://purl.obolibrary.org/obo/UBERON_0001158,https://entity.api.hubmapconsortium.org/entities/9b03c4c79ef7bcd1e8992cd50ed3f482,bulk,descending colon
http://purl.obolibrary.org/obo/UBERON_0000059,large intestine,http://purl.org/ccf/latest/ccf.owl#VHFLargeIntestine,http://purl.obolibrary.org/obo/UBERON_0001153,https://entity.api.hubmapconsortium.org/entities/baf7cfd920bea2bbc0b6cd7d00ec1789,bulk,caecum
http://purl.obolibrary.org/obo/UBERON_0000059,large intestine,http://purl.org/ccf/latest/ccf.owl#VHFLargeIntestine,http://purl.obolibrary.org/obo/UBERON_0001156,https://entity.api.hubmapconsortium.org/entities/baf7cfd920bea2bbc0b6cd7d00ec1789,bulk,ascending colon
http://purl.obolibrary.org/obo/UBERON_0000059,large intestine,http://purl.org/ccf/latest/ccf.owl#VHFLargeIntestine,http://purl.obolibrary.org/obo/UBERON_0001153,https://entity.api.hubmapconsortium.org/entities/52ef1c33a11494b43d8979e0e6057caa,spatial,caecum
http://purl.obolibrary.org/obo/UBERON_0000059,large intestine,http://purl.org/ccf/latest/ccf.owl#VHFLargeIntestine,http://purl.obolibrary.org/obo/UBERON_0001156,https://entity.api.hubmapconsortium.org/entities/52ef1c33a11494b43d8979e0e6057caa,spatial,ascending colon
http://purl.obolibrary.org/obo/UBERON_0000059,large intestine,http://purl.org/ccf/latest/ccf.owl#VHMColon,http://purl.obolibrary.org/obo/UBERON_0001052,https://entity.api.hubmapconsortium.org/entities/fa789beae7f1a0ad9947de50c329e3db,spatial,rectum
http://purl.obolibrary.org/obo/UBERON_0000059,large intestine,http://purl.org/ccf/latest/ccf.owl#VHMColon,http://purl.obolibrary.org/obo/UBERON_0001159,https://entity.api.hubmapconsortium.org/entities/fa789beae7f1a0ad9947de50c329e3db,spatial,sigmoid colon
http://purl.obolibrary.org/obo/UBERON_0000059,large intestine,http://purl.org/ccf/latest/ccf.owl#VHFLargeIntestine,http://purl.obolibrary.org/obo/UBERON_0001158,https://entity.api.hubmapconsortium.org/entities/9e28cdbdb5bc5b3cf7299f13635eebc9,spatial,descending colon
http://purl.obolibrary.org/obo/UBERON_0000059,large intestine,http://purl.org/ccf/latest/ccf.owl#VHFLargeIntestine,http://purl.obolibrary.org/obo/UBERON_0001159,https://entity.api.hubmapconsortium.org/entities/67d7b5a3fb4f64a1f714d4369fdedc16,bulk,sigmoid colon
http://purl.obolibrary.org/obo/UBERON_0000059,large intestine,http://purl.org/ccf/latest/ccf.owl#VHFLargeIntestine,http://purl.obolibrary.org/obo/UBERON_0001159,https://entity.api.hubmapconsortium.org/entities/cf25bdcd6bae8045f6b88bb3c9a32207,spatial,sigmoid colon
http://purl.obolibrary.org/obo/UBERON_0000059,large intestine,http://purl.org/ccf/latest/ccf.owl#VHMColon,http://purl.obolibrary.org/obo/UBERON_0001156,https://entity.api.hubmapconsortium.org/entities/96f5c73df89d553cda6547b508aee854,spatial,ascending colon
http://purl.obolibrary.org/obo/UBERON_0000059,large intestine,http://purl.org/ccf/latest/ccf.owl#VHMColon,http://purl.obolibrary.org/obo/UBERON_0001156,https://entity.api.hubmapconsortium.org/entities/2638ed2b83e619710497ca2410dc1da1,bulk,ascending colon
http://purl.obolibrary.org/obo/UBERON_0000059,large intestine,http://purl.org/ccf/latest/ccf.owl#VHMColon,http://purl.obolibrary.org/obo/UBERON_0001156,https://entity.api.hubmapconsortium.org/entities/7500e7f02589f4b4e55641f09723c3de,spatial,ascending colon
http://purl.obolibrary.org/obo/UBERON_0000059,large intestine,http://purl.org/ccf/latest/ccf.owl#VHMColon,http://purl.obolibrary.org/obo/UBERON_0001157,https://entity.api.hubmapconsortium.org/entities/0b0ef5c2b8786644f0b6bdef1c1d7a4f,bulk,transverse colon
http://purl.obolibrary.org/obo/UBERON_0000059,large intestine,http://purl.org/ccf/latest/ccf.owl#VHMColon,http://purl.obolibrary.org/obo/UBERON_0001052,https://entity.api.hubmapconsortium.org/entities/ff5d0d740fea8963e91f2e35c0a85596,bulk,rectum
http://purl.obolibrary.org/obo/UBERON_0000059,large intestine,http://purl.org/ccf/latest/ccf.owl#VHMColon,http://purl.obolibrary.org/obo/UBERON_0001159,https://entity.api.hubmapconsortium.org/entities/ff5d0d740fea8963e91f2e35c0a85596,bulk,sigmoid colon
http://purl.obolibrary.org/obo/UBERON_0000059,large intestine,http://purl.org/ccf/latest/ccf.owl#VHFLargeIntestine,http://purl.obolibrary.org/obo/UBERON_0001153,https://entity.api.hubmapconsortium.org/entities/71477f504b0069828a368009fa3ab1ad,bulk,caecum
http://purl.obolibrary.org/obo/UBERON_0000059,large intestine,http://purl.org/ccf/latest/ccf.owl#VHFLargeIntestine,http://purl.obolibrary.org/obo/UBERON_0001156,https://entity.api.hubmapconsortium.org/entities/71477f504b0069828a368009fa3ab1ad,bulk,ascending colon
http://purl.obolibrary.org/obo/UBERON_0000059,large intestine,http://purl.org/ccf/latest/ccf.owl#VHMColon,http://purl.obolibrary.org/obo/UBERON_0001052,https://entity.api.hubmapconsortium.org/entities/a702c94500a2f737b722e34f6df7e7dd,spatial,rectum
http://purl.obolibrary.org/obo/UBERON_0000059,large intestine,http://purl.org/ccf/latest/ccf.owl#VHMColon,http://purl.obolibrary.org/obo/UBERON_0001159,https://entity.api.hubmapconsortium.org/entities/a702c94500a2f737b722e34f6df7e7dd,spatial,sigmoid colon
http://purl.obolibrary.org/obo/UBERON_0000059,large intestine,http://purl.org/ccf/latest/ccf.owl#VHMColon,http://purl.obolibrary.org/obo/UBERON_0001157,https://entity.api.hubmapconsortium.org/entities/e7b70f4c1b3cb934e45fc4114a4fca28,bulk,transverse colon
http://purl.obolibrary.org/obo/UBERON_0000059,large intestine,http://purl.org/ccf/latest/ccf.owl#VHFLargeIntestine,http://purl.obolibrary.org/obo/UBERON_0001153,https://entity.api.hubmapconsortium.org/entities/9d85dec83a12ae900c5b7603cb74d6ca,spatial,caecum
http://purl.obolibrary.org/obo/UBERON_0000059,large intestine,http://purl.org/ccf/latest/ccf.owl#VHFLargeIntestine,http://purl.obolibrary.org/obo/UBERON_0001156,https://entity.api.hubmapconsortium.org/entities/9d85dec83a12ae900c5b7603cb74d6ca,spatial,ascending colon
http://purl.obolibrary.org/obo/UBERON_0000059,large intestine,http://purl.org/ccf/latest/ccf.owl#VHMColon,http://purl.obolibrary.org/obo/UBERON_0001158,https://entity.api.hubmapconsortium.org/entities/59f7fa785f9dbd46f45758e22454e912,spatial,descending colon
http://purl.obolibrary.org/obo/UBERON_0000059,large intestine,http://purl.org/ccf/latest/ccf.owl#VHMColon,http://purl.obolibrary.org/obo/UBERON_0001052,https://entity.api.hubmapconsortium.org/entities/4e9a64e657cca28ad36bd2c62693b6e0,bulk,rectum
http://purl.obolibrary.org/obo/UBERON_0000059,large intestine,http://purl.org/ccf/latest/ccf.owl#VHMColon,http://purl.obolibrary.org/obo/UBERON_0001159,https://entity.api.hubmapconsortium.org/entities/4e9a64e657cca28ad36bd2c62693b6e0,bulk,sigmoid colon
http://purl.obolibrary.org/obo/UBERON_0000059,large intestine,http://purl.org/ccf/latest/ccf.owl#VHMColon,http://purl.obolibrary.org/obo/UBERON_0001157,https://entity.api.hubmapconsortium.org/entities/b6f3dd854f9826cad29a2f63261e3a54,spatial,transverse colon
http://purl.obolibrary.org/obo/UBERON_0000059,large intestine,http://purl.org/ccf/latest/ccf.owl#VHFLargeIntestine,http://purl.obolibrary.org/obo/UBERON_0001157,https://entity.api.hubmapconsortium.org/entities/abcc3410656bc854cf5e0abdee3de738,bulk,transverse colon
http://purl.obolibrary.org/obo/UBERON_0000059,large intestine,http://purl.org/ccf/latest/ccf.owl#VHMColon,http://purl.obolibrary.org/obo/UBERON_0001158,https://entity.api.hubmapconsortium.org/entities/5d333ab22f05d83c6a5ba4848a50b058,bulk,descending colon
http://purl.obolibrary.org/obo/UBERON_0000059,large intestine,http://purl.org/ccf/latest/ccf.owl#VHMColon,http://purl.obolibrary.org/obo/UBERON_0001158,https://entity.api.hubmapconsortium.org/entities/4ea2c240173bda1bd799b0f17e55a96d,spatial,descending colon
http://purl.obolibrary.org/obo/UBERON_0000079,male reproductive system,http://purl.org/ccf/latest/ccf.owl#VHMProstate,http://purl.obolibrary.org/obo/UBERON_8410027,https://doi.org/10.1126/science.abl4290#GTEX-1HSMQ-5014-SM-GKSJI,bulk,central zone of prostate
http://purl.obolibrary.org/obo/UBERON_0000079,male reproductive system,http://purl.org/ccf/latest/ccf.owl#VHMProstate,http://purl.obolibrary.org/obo/UBERON_8410026,https://doi.org/10.1126/science.abl4290#GTEX-1HSMQ-5014-SM-GKSJI,bulk,peripheral zone of prostate
http://purl.obolibrary.org/obo/UBERON_0000079,male reproductive system,http://purl.org/ccf/latest/ccf.owl#VHMProstate,http://purl.obolibrary.org/obo/UBERON_8410026,https://doi.org/10.1126/science.abl4290#GTEX-1HSMQ-5014-SM-GKSJI,bulk,peripheral zone of prostate
http://purl.obolibrary.org/obo/UBERON_0000079,male reproductive system,http://purl.org/ccf/latest/ccf.owl#VHMProstate,http://purl.obolibrary.org/obo/UBERON_8410027,https://doi.org/10.1126/science.abl4290#GTEX-1HSMQ-5014-SM-GKSJI,bulk,central zone of prostate
http://purl.obolibrary.org/obo/UBERON_0000079,male reproductive system,http://purl.org/ccf/latest/ccf.owl#VHMProstate,http://purl.obolibrary.org/obo/UBERON_8410027,https://doi.org/10.1126/science.abl4290#GTEX-1HSMQ-5014-SM-GKSJI,bulk,central zone of prostate
http://purl.obolibrary.org/obo/UBERON_0000079,male reproductive system,http://purl.org/ccf/latest/ccf.owl#VHMProstate,http://purl.obolibrary.org/obo/UBERON_8410026,https://doi.org/10.1126/science.abl4290#GTEX-1HSMQ-5014-SM-GKSJI,bulk,peripheral zone of prostate
http://purl.obolibrary.org/obo/UBERON_0000079,male reproductive system,http://purl.org/ccf/latest/ccf.owl#VHMProstate,http://purl.obolibrary.org/obo/UBERON_8410026,https://doi.org/10.1126/science.abl4290#GTEX-1HSMQ-5014-SM-GKSJI,bulk,peripheral zone of prostate
http://purl.obolibrary.org/obo/UBERON_0000079,male reproductive system,http://purl.org/ccf/latest/ccf.owl#VHMProstate,http://purl.obolibrary.org/obo/UBERON_8410027,https://doi.org/10.1126/science.abl4290#GTEX-1HSMQ-5014-SM-GKSJI,bulk,central zone of prostate
http://purl.obolibrary.org/obo/UBERON_0000079,male reproductive system,http://purl.org/ccf/latest/ccf.owl#VHMProstate,http://purl.obolibrary.org/obo/UBERON_8410027,https://doi.org/10.1126/science.abl4290#GTEX-1HSMQ-5014-SM-GKSJI,bulk,central zone of prostate
http://purl.obolibrary.org/obo/UBERON_0000079,male reproductive system,http://purl.org/ccf/latest/ccf.owl#VHMProstate,http://purl.obolibrary.org/obo/UBERON_8410026,https://doi.org/10.1126/science.abl4290#GTEX-1HSMQ-5014-SM-GKSJI,bulk,peripheral zone of prostate
http://purl.obolibrary.org/obo/UBERON_0000079,male reproductive system,http://purl.org/ccf/latest/ccf.owl#VHMProstate,http://purl.obolibrary.org/obo/UBERON_8410026,https://doi.org/10.1126/science.abl4290#GTEX-1HSMQ-5014-SM-GKSJI,bulk,peripheral zone of prostate
http://purl.obolibrary.org/obo/UBERON_0000079,male reproductive system,http://purl.org/ccf/latest/ccf.owl#VHMProstate,http://purl.obolibrary.org/obo/UBERON_8410027,https://doi.org/10.1126/science.abl4290#GTEX-1HSMQ-5014-SM-GKSJI,bulk,central zone of prostate
http://purl.obolibrary.org/obo/UBERON_0000079,male reproductive system,http://purl.org/ccf/latest/ccf.owl#VHMProstate,http://purl.obolibrary.org/obo/UBERON_8410027,https://doi.org/10.1126/science.abl4290#GTEX-1HSMQ-5014-SM-GKSJI,bulk,central zone of prostate
http://purl.obolibrary.org/obo/UBERON_0000079,male reproductive system,http://purl.org/ccf/latest/ccf.owl#VHMProstate,http://purl.obolibrary.org/obo/UBERON_8410026,https://doi.org/10.1126/science.abl4290#GTEX-1HSMQ-5014-SM-GKSJI,bulk,peripheral zone of prostate
http://purl.obolibrary.org/obo/UBERON_0000079,male reproductive system,http://purl.org/ccf/latest/ccf.owl#VHMProstate,http://purl.obolibrary.org/obo/UBERON_8410026,https://doi.org/10.1126/science.abl4290#GTEX-1HSMQ-5014-SM-GKSJI,bulk,peripheral zone of prostate
http://purl.obolibrary.org/obo/UBERON_0000079,male reproductive system,http://purl.org/ccf/latest/ccf.owl#VHMProstate,http://purl.obolibrary.org/obo/UBERON_8410027,https://doi.org/10.1126/science.abl4290#GTEX-1HSMQ-5014-SM-GKSJI,bulk,central zone of prostate
http://purl.obolibrary.org/obo/UBERON_0000079,male reproductive system,http://purl.org/ccf/latest/ccf.owl#VHMProstate,http://purl.obolibrary.org/obo/UBERON_8410027,https://doi.org/10.1126/science.abl4290#GTEX-1I1GU-5006-SM-G8XQC,bulk,central zone of prostate
http://purl.obolibrary.org/obo/UBERON_0000079,male reproductive system,http://purl.org/ccf/latest/ccf.owl#VHMProstate,http://purl.obolibrary.org/obo/UBERON_8410026,https://doi.org/10.1126/science.abl4290#GTEX-1I1GU-5006-SM-G8XQC,bulk,peripheral zone of prostate
http://purl.obolibrary.org/obo/UBERON_0000079,male reproductive system,http://purl.org/ccf/latest/ccf.owl#VHMProstate,http://purl.obolibrary.org/obo/UBERON_8410026,https://doi.org/10.1126/science.abl4290#GTEX-1I1GU-5006-SM-G8XQC,bulk,peripheral zone of prostate
http://purl.obolibrary.org/obo/UBERON_0000079,male reproductive system,http://purl.org/ccf/latest/ccf.owl#VHMProstate,http://purl.obolibrary.org/obo/UBERON_8410027,https://doi.org/10.1126/science.abl4290#GTEX-1I1GU-5006-SM-G8XQC,bulk,central zone of prostate
http://purl.obolibrary.org/obo/UBERON_0000079,male reproductive system,http://purl.org/ccf/latest/ccf.owl#VHMProstate,http://purl.obolibrary.org/obo/UBERON_8410027,https://doi.org/10.1126/science.abl4290#GTEX-1I1GU-5006-SM-G8XQC,bulk,central zone of prostate
http://purl.obolibrary.org/obo/UBERON_0000079,male reproductive system,http://purl.org/ccf/latest/ccf.owl#VHMProstate,http://purl.obolibrary.org/obo/UBERON_8410026,https://doi.org/10.1126/science.abl4290#GTEX-1I1GU-5006-SM-G8XQC,bulk,peripheral zone of prostate
http://purl.obolibrary.org/obo/UBERON_0000079,male reproductive system,http://purl.org/ccf/latest/ccf.owl#VHMProstate,http://purl.obolibrary.org/obo/UBERON_8410026,https://doi.org/10.1126/science.abl4290#GTEX-1I1GU-5006-SM-G8XQC,bulk,peripheral zone of prostate
http://purl.obolibrary.org/obo/UBERON_0000079,male reproductive system,http://purl.org/ccf/latest/ccf.owl#VHMProstate,http://purl.obolibrary.org/obo/UBERON_8410027,https://doi.org/10.1126/science.abl4290#GTEX-1I1GU-5006-SM-G8XQC,bulk,central zone of prostate
http://purl.obolibrary.org/obo/UBERON_0000079,male reproductive system,http://purl.org/ccf/latest/ccf.owl#VHMProstate,http://purl.obolibrary.org/obo/UBERON_8410027,https://doi.org/10.1126/science.abl4290#GTEX-1I1GU-5006-SM-G8XQC,bulk,central zone of prostate
http://purl.obolibrary.org/obo/UBERON_0000079,male reproductive system,http://purl.org/ccf/latest/ccf.owl#VHMProstate,http://purl.obolibrary.org/obo/UBERON_8410026,https://doi.org/10.1126/science.abl4290#GTEX-1I1GU-5006-SM-G8XQC,bulk,peripheral zone of prostate
http://purl.obolibrary.org/obo/UBERON_0000079,male reproductive system,http://purl.org/ccf/latest/ccf.owl#VHMProstate,http://purl.obolibrary.org/obo/UBERON_8410026,https://doi.org/10.1126/science.abl4290#GTEX-1I1GU-5006-SM-G8XQC,bulk,peripheral zone of prostate
http://purl.obolibrary.org/obo/UBERON_0000079,male reproductive system,http://purl.org/ccf/latest/ccf.owl#VHMProstate,http://purl.obolibrary.org/obo/UBERON_8410027,https://doi.org/10.1126/science.abl4290#GTEX-1I1GU-5006-SM-G8XQC,bulk,central zone of prostate
http://purl.obolibrary.org/obo/UBERON_0000079,male reproductive system,http://purl.org/ccf/latest/ccf.owl#VHMProstate,http://purl.obolibrary.org/obo/UBERON_8410027,https://doi.org/10.1126/science.abl4290#GTEX-1I1GU-5006-SM-G8XQC,bulk,central zone of prostate
http://purl.obolibrary.org/obo/UBERON_0000079,male reproductive system,http://purl.org/ccf/latest/ccf.owl#VHMProstate,http://purl.obolibrary.org/obo/UBERON_8410026,https://doi.org/10.1126/science.abl4290#GTEX-1I1GU-5006-SM-G8XQC,bulk,peripheral zone of prostate
http://purl.obolibrary.org/obo/UBERON_0000079,male reproductive system,http://purl.org/ccf/latest/ccf.owl#VHMProstate,http://purl.obolibrary.org/obo/UBERON_8410026,https://doi.org/10.1126/science.abl4290#GTEX-1I1GU-5006-SM-G8XQC,bulk,peripheral zone of prostate
http://purl.obolibrary.org/obo/UBERON_0000079,male reproductive system,http://purl.org/ccf/latest/ccf.owl#VHMProstate,http://purl.obolibrary.org/obo/UBERON_8410027,https://doi.org/10.1126/science.abl4290#GTEX-1I1GU-5006-SM-G8XQC,bulk,central zone of prostate
http://purl.obolibrary.org/obo/UBERON_0000079,male reproductive system,http://purl.org/ccf/latest/ccf.owl#VHMProstate,http://purl.obolibrary.org/obo/UBERON_8410027,https://doi.org/10.1126/science.abl4290#GTEX-15CHR-5014-SM-H5JDU,bulk,central zone of prostate
http://purl.obolibrary.org/obo/UBERON_0000079,male reproductive system,http://purl.org/ccf/latest/ccf.owl#VHMProstate,http://purl.obolibrary.org/obo/UBERON_8410026,https://doi.org/10.1126/science.abl4290#GTEX-15CHR-5014-SM-H5JDU,bulk,peripheral zone of prostate
http://purl.obolibrary.org/obo/UBERON_0000079,male reproductive system,http://purl.org/ccf/latest/ccf.owl#VHMProstate,http://purl.obolibrary.org/obo/UBERON_8410026,https://doi.org/10.1126/science.abl4290#GTEX-15CHR-5014-SM-H5JDU,bulk,peripheral zone of prostate
http://purl.obolibrary.org/obo/UBERON_0000079,male reproductive system,http://purl.org/ccf/latest/ccf.owl#VHMProstate,http://purl.obolibrary.org/obo/UBERON_8410027,https://doi.org/10.1126/science.abl4290#GTEX-15CHR-5014-SM-H5JDU,bulk,central zone of prostate
http://purl.obolibrary.org/obo/UBERON_0000079,male reproductive system,http://purl.org/ccf/latest/ccf.owl#VHMProstate,http://purl.obolibrary.org/obo/UBERON_8410027,https://doi.org/10.1126/science.abl4290#GTEX-15CHR-5014-SM-H5JDU,bulk,central zone of prostate
http://purl.obolibrary.org/obo/UBERON_0000079,male reproductive system,http://purl.org/ccf/latest/ccf.owl#VHMProstate,http://purl.obolibrary.org/obo/UBERON_8410026,https://doi.org/10.1126/science.abl4290#GTEX-15CHR-5014-SM-H5JDU,bulk,peripheral zone of prostate
http://purl.obolibrary.org/obo/UBERON_0000079,male reproductive system,http://purl.org/ccf/latest/ccf.owl#VHMProstate,http://purl.obolibrary.org/obo/UBERON_8410026,https://doi.org/10.1126/science.abl4290#GTEX-15CHR-5014-SM-H5JDU,bulk,peripheral zone of prostate
http://purl.obolibrary.org/obo/UBERON_0000079,male reproductive system,http://purl.org/ccf/latest/ccf.owl#VHMProstate,http://purl.obolibrary.org/obo/UBERON_8410027,https://doi.org/10.1126/science.abl4290#GTEX-15CHR-5014-SM-H5JDU,bulk,central zone of prostate
http://purl.obolibrary.org/obo/UBERON_0000079,male reproductive system,http://purl.org/ccf/latest/ccf.owl#VHMProstate,http://purl.obolibrary.org/obo/UBERON_8410027,https://doi.org/10.1126/science.abl4290#GTEX-15CHR-5014-SM-H5JDU,bulk,central zone of prostate
http://purl.obolibrary.org/obo/UBERON_0000079,male reproductive system,http://purl.org/ccf/latest/ccf.owl#VHMProstate,http://purl.obolibrary.org/obo/UBERON_8410026,https://doi.org/10.1126/science.abl4290#GTEX-15CHR-5014-SM-H5JDU,bulk,peripheral zone of prostate
http://purl.obolibrary.org/obo/UBERON_0000079,male reproductive system,http://purl.org/ccf/latest/ccf.owl#VHMProstate,http://purl.obolibrary.org/obo/UBERON_8410026,https://doi.org/10.1126/science.abl4290#GTEX-15CHR-5014-SM-H5JDU,bulk,peripheral zone of prostate
http://purl.obolibrary.org/obo/UBERON_0000079,male reproductive system,http://purl.org/ccf/latest/ccf.owl#VHMProstate,http://purl.obolibrary.org/obo/UBERON_8410027,https://doi.org/10.1126/science.abl4290#GTEX-15CHR-5014-SM-H5JDU,bulk,central zone of prostate
http://purl.obolibrary.org/obo/UBERON_0000079,male reproductive system,http://purl.org/ccf/latest/ccf.owl#VHMProstate,http://purl.obolibrary.org/obo/UBERON_8410027,https://doi.org/10.1126/science.abl4290#GTEX-15CHR-5014-SM-H5JDU,bulk,central zone of prostate
http://purl.obolibrary.org/obo/UBERON_0000079,male reproductive system,http://purl.org/ccf/latest/ccf.owl#VHMProstate,http://purl.obolibrary.org/obo/UBERON_8410026,https://doi.org/10.1126/science.abl4290#GTEX-15CHR-5014-SM-H5JDU,bulk,peripheral zone of prostate
http://purl.obolibrary.org/obo/UBERON_0000079,male reproductive system,http://purl.org/ccf/latest/ccf.owl#VHMProstate,http://purl.obolibrary.org/obo/UBERON_8410026,https://doi.org/10.1126/science.abl4290#GTEX-15CHR-5014-SM-H5JDU,bulk,peripheral zone of prostate
http://purl.obolibrary.org/obo/UBERON_0000079,male reproductive system,http://purl.org/ccf/latest/ccf.owl#VHMProstate,http://purl.obolibrary.org/obo/UBERON_8410027,https://doi.org/10.1126/science.abl4290#GTEX-15CHR-5014-SM-H5JDU,bulk,central zone of prostate
http://purl.obolibrary.org/obo/UBERON_0000079,male reproductive system,http://purl.org/ccf/latest/ccf.owl#VHMProstate,http://purl.obolibrary.org/obo/UBERON_8410027,https://doi.org/10.1126/science.abl4290#GTEX-12BJ1-5007-SM-H8L6U,bulk,central zone of prostate
http://purl.obolibrary.org/obo/UBERON_0000079,male reproductive system,http://purl.org/ccf/latest/ccf.owl#VHMProstate,http://purl.obolibrary.org/obo/UBERON_8410026,https://doi.org/10.1126/science.abl4290#GTEX-12BJ1-5007-SM-H8L6U,bulk,peripheral zone of prostate
http://purl.obolibrary.org/obo/UBERON_0000079,male reproductive system,http://purl.org/ccf/latest/ccf.owl#VHMProstate,http://purl.obolibrary.org/obo/UBERON_8410026,https://doi.org/10.1126/science.abl4290#GTEX-12BJ1-5007-SM-H8L6U,bulk,peripheral zone of prostate
http://purl.obolibrary.org/obo/UBERON_0000079,male reproductive system,http://purl.org/ccf/latest/ccf.owl#VHMProstate,http://purl.obolibrary.org/obo/UBERON_8410027,https://doi.org/10.1126/science.abl4290#GTEX-12BJ1-5007-SM-H8L6U,bulk,central zone of prostate
http://purl.obolibrary.org/obo/UBERON_0000079,male reproductive system,http://purl.org/ccf/latest/ccf.owl#VHMProstate,http://purl.obolibrary.org/obo/UBERON_8410027,https://doi.org/10.1126/science.abl4290#GTEX-12BJ1-5007-SM-H8L6U,bulk,central zone of prostate
http://purl.obolibrary.org/obo/UBERON_0000079,male reproductive system,http://purl.org/ccf/latest/ccf.owl#VHMProstate,http://purl.obolibrary.org/obo/UBERON_8410026,https://doi.org/10.1126/science.abl4290#GTEX-12BJ1-5007-SM-H8L6U,bulk,peripheral zone of prostate
http://purl.obolibrary.org/obo/UBERON_0000079,male reproductive system,http://purl.org/ccf/latest/ccf.owl#VHMProstate,http://purl.obolibrary.org/obo/UBERON_8410026,https://doi.org/10.1126/science.abl4290#GTEX-12BJ1-5007-SM-H8L6U,bulk,peripheral zone of prostate
http://purl.obolibrary.org/obo/UBERON_0000079,male reproductive system,http://purl.org/ccf/latest/ccf.owl#VHMProstate,http://purl.obolibrary.org/obo/UBERON_8410027,https://doi.org/10.1126/science.abl4290#GTEX-12BJ1-5007-SM-H8L6U,bulk,central zone of prostate
http://purl.obolibrary.org/obo/UBERON_0000079,male reproductive system,http://purl.org/ccf/latest/ccf.owl#VHMProstate,http://purl.obolibrary.org/obo/UBERON_8410027,https://doi.org/10.1126/science.abl4290#GTEX-12BJ1-5007-SM-H8L6U,bulk,central zone of prostate
http://purl.obolibrary.org/obo/UBERON_0000079,male reproductive system,http://purl.org/ccf/latest/ccf.owl#VHMProstate,http://purl.obolibrary.org/obo/UBERON_8410026,https://doi.org/10.1126/science.abl4290#GTEX-12BJ1-5007-SM-H8L6U,bulk,peripheral zone of prostate
http://purl.obolibrary.org/obo/UBERON_0000079,male reproductive system,http://purl.org/ccf/latest/ccf.owl#VHMProstate,http://purl.obolibrary.org/obo/UBERON_8410026,https://doi.org/10.1126/science.abl4290#GTEX-12BJ1-5007-SM-H8L6U,bulk,peripheral zone of prostate
http://purl.obolibrary.org/obo/UBERON_0000079,male reproductive system,http://purl.org/ccf/latest/ccf.owl#VHMProstate,http://purl.obolibrary.org/obo/UBERON_8410027,https://doi.org/10.1126/science.abl4290#GTEX-12BJ1-5007-SM-H8L6U,bulk,central zone of prostate
http://purl.obolibrary.org/obo/UBERON_0000079,male reproductive system,http://purl.org/ccf/latest/ccf.owl#VHMProstate,http://purl.obolibrary.org/obo/UBERON_8410027,https://doi.org/10.1126/science.abl4290#GTEX-12BJ1-5007-SM-H8L6U,bulk,central zone of prostate
http://purl.obolibrary.org/obo/UBERON_0000079,male reproductive system,http://purl.org/ccf/latest/ccf.owl#VHMProstate,http://purl.obolibrary.org/obo/UBERON_8410026,https://doi.org/10.1126/science.abl4290#GTEX-12BJ1-5007-SM-H8L6U,bulk,peripheral zone of prostate
http://purl.obolibrary.org/obo/UBERON_0000079,male reproductive system,http://purl.org/ccf/latest/ccf.owl#VHMProstate,http://purl.obolibrary.org/obo/UBERON_8410026,https://doi.org/10.1126/science.abl4290#GTEX-12BJ1-5007-SM-H8L6U,bulk,peripheral zone of prostate
http://purl.obolibrary.org/obo/UBERON_0000079,male reproductive system,http://purl.org/ccf/latest/ccf.owl#VHMProstate,http://purl.obolibrary.org/obo/UBERON_8410027,https://doi.org/10.1126/science.abl4290#GTEX-12BJ1-5007-SM-H8L6U,bulk,central zone of prostate
http://purl.org/sig/ont/fma/fma57987,Set of lactiferous glands in right breast,http://purl.org/ccf/latest/ccf.owl#VHFRightMammaryGland,http://purl.org/sig/ont/fma/fma73165,https://doi.org/10.1126/science.abl4290#GTEX-1R9PN-5002-SM-HD2MC,bulk,Interlobar adipose tissue of right mammary gland
http://purl.org/sig/ont/fma/fma57987,Set of lactiferous glands in right breast,http://purl.org/ccf/latest/ccf.owl#VHFRightMammaryGland,http://purl.org/sig/ont/fma/fma73165,https://doi.org/10.1126/science.abl4290#GTEX-1R9PN-5002-SM-HD2MC,bulk,Interlobar adipose tissue of right mammary gland
http://purl.org/sig/ont/fma/fma57987,Set of lactiferous glands in right breast,http://purl.org/ccf/latest/ccf.owl#VHFRightMammaryGland,http://purl.org/sig/ont/fma/fma73165,https://doi.org/10.1126/science.abl4290#GTEX-1R9PN-5002-SM-HD2MC,bulk,Interlobar adipose tissue of right mammary gland
http://purl.org/sig/ont/fma/fma57987,Set of lactiferous glands in right breast,http://purl.org/ccf/latest/ccf.owl#VHFRightMammaryGland,http://purl.org/sig/ont/fma/fma73165,https://doi.org/10.1126/science.abl4290#GTEX-1MCC2-5013-SM-HPJ3D,bulk,Interlobar adipose tissue of right mammary gland
http://purl.org/sig/ont/fma/fma57987,Set of lactiferous glands in right breast,http://purl.org/ccf/latest/ccf.owl#VHFRightMammaryGland,http://purl.org/sig/ont/fma/fma73165,https://doi.org/10.1126/science.abl4290#GTEX-1MCC2-5013-SM-HPJ3D,bulk,Interlobar adipose tissue of right mammary gland
http://purl.org/sig/ont/fma/fma57987,Set of lactiferous glands in right breast,http://purl.org/ccf/latest/ccf.owl#VHFRightMammaryGland,http://purl.org/sig/ont/fma/fma73165,https://doi.org/10.1126/science.abl4290#GTEX-1MCC2-5013-SM-HPJ3D,bulk,Interlobar adipose tissue of right mammary gland
http://purl.org/sig/ont/fma/fma57987,Set of lactiferous glands in right breast,http://purl.org/ccf/latest/ccf.owl#VHFRightMammaryGland,http://purl.org/sig/ont/fma/fma73165,https://doi.org/10.1126/science.abl4290#GTEX-1CAMS-5015-SM-HPJ3C,bulk,Interlobar adipose tissue of right mammary gland
http://purl.org/sig/ont/fma/fma57987,Set of lactiferous glands in right breast,http://purl.org/ccf/latest/ccf.owl#VHFRightMammaryGland,http://purl.org/sig/ont/fma/fma73165,https://doi.org/10.1126/science.abl4290#GTEX-1CAMS-5015-SM-HPJ3C,bulk,Interlobar adipose tissue of right mammary gland
http://purl.org/sig/ont/fma/fma57987,Set of lactiferous glands in right breast,http://purl.org/ccf/latest/ccf.owl#VHFRightMammaryGland,http://purl.org/sig/ont/fma/fma73165,https://doi.org/10.1126/science.abl4290#GTEX-1CAMS-5015-SM-HPJ3C,bulk,Interlobar adipose tissue of right mammary gland
http://purl.obolibrary.org/obo/UBERON_0000059,large intestine,http://purl.org/ccf/latest/ccf.owl#VHMColon,http://purl.obolibrary.org/obo/UBERON_0001052,https://entity.api.hubmapconsortium.org/entities/9308dab31ff0b18325f79a671cd6d833,bulk,rectum
http://purl.obolibrary.org/obo/UBERON_0000059,large intestine,http://purl.org/ccf/latest/ccf.owl#VHMColon,http://purl.obolibrary.org/obo/UBERON_0001159,https://entity.api.hubmapconsortium.org/entities/9308dab31ff0b18325f79a671cd6d833,bulk,sigmoid colon
http://purl.obolibrary.org/obo/UBERON_0000059,large intestine,http://purl.org/ccf/latest/ccf.owl#VHMColon,http://purl.obolibrary.org/obo/UBERON_0001052,https://entity.api.hubmapconsortium.org/entities/3e1d2641c370e6d6c47ff51d34fe5a58,bulk,rectum
http://purl.obolibrary.org/obo/UBERON_0000059,large intestine,http://purl.org/ccf/latest/ccf.owl#VHMColon,http://purl.obolibrary.org/obo/UBERON_0001159,https://entity.api.hubmapconsortium.org/entities/3e1d2641c370e6d6c47ff51d34fe5a58,bulk,sigmoid colon
http://purl.obolibrary.org/obo/UBERON_0000059,large intestine,http://purl.org/ccf/latest/ccf.owl#VHMColon,http://purl.obolibrary.org/obo/UBERON_0001158,https://entity.api.hubmapconsortium.org/entities/5b8a17e92defe510fa91b3a97a728831,spatial,descending colon
http://purl.obolibrary.org/obo/UBERON_0000059,large intestine,http://purl.org/ccf/latest/ccf.owl#VHMColon,http://purl.obolibrary.org/obo/UBERON_0001052,https://entity.api.hubmapconsortium.org/entities/699e1e0966bf3bc53e8a114eff9c75d0,spatial,rectum
http://purl.obolibrary.org/obo/UBERON_0000059,large intestine,http://purl.org/ccf/latest/ccf.owl#VHMColon,http://purl.obolibrary.org/obo/UBERON_0001159,https://entity.api.hubmapconsortium.org/entities/699e1e0966bf3bc53e8a114eff9c75d0,spatial,sigmoid colon
http://purl.obolibrary.org/obo/UBERON_0000059,large intestine,http://purl.org/ccf/latest/ccf.owl#VHMColon,http://purl.obolibrary.org/obo/UBERON_0001158,https://entity.api.hubmapconsortium.org/entities/ba3081716f3fa98a1670b0864c5115ff,bulk,descending colon
http://purl.obolibrary.org/obo/UBERON_0000059,large intestine,http://purl.org/ccf/latest/ccf.owl#VHMColon,http://purl.obolibrary.org/obo/UBERON_0001052,https://entity.api.hubmapconsortium.org/entities/8eeca1a98041348bb14fd652b766661e,spatial,rectum
http://purl.obolibrary.org/obo/UBERON_0000059,large intestine,http://purl.org/ccf/latest/ccf.owl#VHMColon,http://purl.obolibrary.org/obo/UBERON_0001159,https://entity.api.hubmapconsortium.org/entities/8eeca1a98041348bb14fd652b766661e,spatial,sigmoid colon
http://purl.obolibrary.org/obo/UBERON_0002509,mesenteric lymph node,http://purl.org/ccf/latest/ccf.owl#VHMRightLymphNode,http://purl.obolibrary.org/obo/UBERON_0002007,https://entity.api.hubmapconsortium.org/entities/b299e98235f157534445f00884ae7c44,bulk,medulla of lymph node
http://purl.obolibrary.org/obo/UBERON_0002509,mesenteric lymph node,http://purl.org/ccf/latest/ccf.owl#VHMRightLymphNode,http://purl.obolibrary.org/obo/UBERON_0010748,https://entity.api.hubmapconsortium.org/entities/b299e98235f157534445f00884ae7c44,bulk,lymph node follicle
http://purl.obolibrary.org/obo/UBERON_0002509,mesenteric lymph node,http://purl.org/ccf/latest/ccf.owl#VHMRightLymphNode,http://purl.obolibrary.org/obo/UBERON_0010417,https://entity.api.hubmapconsortium.org/entities/b299e98235f157534445f00884ae7c44,bulk,lymph node T cell domain
http://purl.obolibrary.org/obo/UBERON_0002509,mesenteric lymph node,http://purl.org/ccf/latest/ccf.owl#VHMRightLymphNode,http://purl.obolibrary.org/obo/UBERON_0010397,https://entity.api.hubmapconsortium.org/entities/b299e98235f157534445f00884ae7c44,bulk,efferent lymphatic vessel
http://purl.obolibrary.org/obo/UBERON_0002509,mesenteric lymph node,http://purl.org/ccf/latest/ccf.owl#VHMRightLymphNode,http://purl.obolibrary.org/obo/UBERON_0004536,https://entity.api.hubmapconsortium.org/entities/b299e98235f157534445f00884ae7c44,bulk,Lymph vasculature
http://purl.obolibrary.org/obo/UBERON_0002509,mesenteric lymph node,http://purl.org/ccf/latest/ccf.owl#VHMRightLymphNode,http://purl.obolibrary.org/obo/UBERON_0002194,https://entity.api.hubmapconsortium.org/entities/b299e98235f157534445f00884ae7c44,bulk,capsule of lymph node
http://purl.obolibrary.org/obo/UBERON_0002509,mesenteric lymph node,http://purl.org/ccf/latest/ccf.owl#VHFRightLymphNode,http://purl.obolibrary.org/obo/UBERON_0002007,https://entity.api.hubmapconsortium.org/entities/bdfebbfbbaa33bf1d2a5ae4c31cde1de,bulk,medulla of lymph node
http://purl.obolibrary.org/obo/UBERON_0002509,mesenteric lymph node,http://purl.org/ccf/latest/ccf.owl#VHFRightLymphNode,http://purl.obolibrary.org/obo/UBERON_0010417,https://entity.api.hubmapconsortium.org/entities/bdfebbfbbaa33bf1d2a5ae4c31cde1de,bulk,lymph node T cell domain
http://purl.obolibrary.org/obo/UBERON_0002509,mesenteric lymph node,http://purl.org/ccf/latest/ccf.owl#VHFRightLymphNode,http://purl.obolibrary.org/obo/UBERON_0002194,https://entity.api.hubmapconsortium.org/entities/bdfebbfbbaa33bf1d2a5ae4c31cde1de,bulk,capsule of lymph node
http://purl.obolibrary.org/obo/UBERON_0002509,mesenteric lymph node,http://purl.org/ccf/latest/ccf.owl#VHFRightLymphNode,http://purl.obolibrary.org/obo/UBERON_0010748,https://entity.api.hubmapconsortium.org/entities/bdfebbfbbaa33bf1d2a5ae4c31cde1de,bulk,lymph node follicle
http://purl.obolibrary.org/obo/UBERON_0002509,mesenteric lymph node,http://purl.org/ccf/latest/ccf.owl#VHFRightLymphNode,http://purl.obolibrary.org/obo/UBERON_0004536,https://entity.api.hubmapconsortium.org/entities/bdfebbfbbaa33bf1d2a5ae4c31cde1de,bulk,Lymph vasculature
http://purl.obolibrary.org/obo/UBERON_0002509,mesenteric lymph node,http://purl.org/ccf/latest/ccf.owl#VHFRightLymphNode,http://purl.obolibrary.org/obo/UBERON_0010397,https://entity.api.hubmapconsortium.org/entities/bdfebbfbbaa33bf1d2a5ae4c31cde1de,bulk,efferent lymphatic vessel
http://purl.obolibrary.org/obo/UBERON_0002509,mesenteric lymph node,http://purl.org/ccf/latest/ccf.owl#VHFRightLymphNode,http://purl.obolibrary.org/obo/UBERON_0002007,https://entity.api.hubmapconsortium.org/entities/b1f17d04de81b0a8a8e2b894308498d3,bulk,medulla of lymph node
http://purl.obolibrary.org/obo/UBERON_0002509,mesenteric lymph node,http://purl.org/ccf/latest/ccf.owl#VHFRightLymphNode,http://purl.obolibrary.org/obo/UBERON_0010417,https://entity.api.hubmapconsortium.org/entities/b1f17d04de81b0a8a8e2b894308498d3,bulk,lymph node T cell domain
http://purl.obolibrary.org/obo/UBERON_0002509,mesenteric lymph node,http://purl.org/ccf/latest/ccf.owl#VHFRightLymphNode,http://purl.obolibrary.org/obo/UBERON_0002194,https://entity.api.hubmapconsortium.org/entities/b1f17d04de81b0a8a8e2b894308498d3,bulk,capsule of lymph node
http://purl.obolibrary.org/obo/UBERON_0002509,mesenteric lymph node,http://purl.org/ccf/latest/ccf.owl#VHFRightLymphNode,http://purl.obolibrary.org/obo/UBERON_0010748,https://entity.api.hubmapconsortium.org/entities/b1f17d04de81b0a8a8e2b894308498d3,bulk,lymph node follicle
http://purl.obolibrary.org/obo/UBERON_0002509,mesenteric lymph node,http://purl.org/ccf/latest/ccf.owl#VHFRightLymphNode,http://purl.obolibrary.org/obo/UBERON_0004536,https://entity.api.hubmapconsortium.org/entities/b1f17d04de81b0a8a8e2b894308498d3,bulk,Lymph vasculature
http://purl.obolibrary.org/obo/UBERON_0002509,mesenteric lymph node,http://purl.org/ccf/latest/ccf.owl#VHFRightLymphNode,http://purl.obolibrary.org/obo/UBERON_0010397,https://entity.api.hubmapconsortium.org/entities/b1f17d04de81b0a8a8e2b894308498d3,bulk,efferent lymphatic vessel
http://purl.obolibrary.org/obo/UBERON_0000948,heart,http://purl.org/ccf/latest/ccf.owl#VHMHeart,http://purl.obolibrary.org/obo/UBERON_0002078,https://doi.org/10.1126/science.abl4290#GTEX-15RIE-5015-SM-H8L6X,bulk,right cardiac atrium
http://purl.obolibrary.org/obo/UBERON_0000948,heart,http://purl.org/ccf/latest/ccf.owl#VHMHeart,http://purl.obolibrary.org/obo/UBERON_0002078,https://doi.org/10.1126/science.abl4290#GTEX-15RIE-5015-SM-H8L6X,bulk,right cardiac atrium
http://purl.obolibrary.org/obo/UBERON_0000948,heart,http://purl.org/ccf/latest/ccf.owl#VHMHeart,http://purl.obolibrary.org/obo/UBERON_0002078,https://doi.org/10.1126/science.abl4290#GTEX-15RIE-5015-SM-H8L6X,bulk,right cardiac atrium
http://purl.obolibrary.org/obo/UBERON_0000948,heart,http://purl.org/ccf/latest/ccf.owl#VHMHeart,http://purl.obolibrary.org/obo/UBERON_0002078,https://doi.org/10.1126/science.abl4290#GTEX-13N11-5002-SM-H5JDV,bulk,right cardiac atrium
http://purl.obolibrary.org/obo/UBERON_0000948,heart,http://purl.org/ccf/latest/ccf.owl#VHMHeart,http://purl.obolibrary.org/obo/UBERON_0002078,https://doi.org/10.1126/science.abl4290#GTEX-13N11-5002-SM-H5JDV,bulk,right cardiac atrium
http://purl.obolibrary.org/obo/UBERON_0000948,heart,http://purl.org/ccf/latest/ccf.owl#VHMHeart,http://purl.obolibrary.org/obo/UBERON_0002078,https://doi.org/10.1126/science.abl4290#GTEX-13N11-5002-SM-H5JDV,bulk,right cardiac atrium
http://purl.obolibrary.org/obo/UBERON_0000948,heart,http://purl.org/ccf/latest/ccf.owl#VHMHeart,http://purl.obolibrary.org/obo/UBERON_0002078,https://doi.org/10.1126/science.abl4290#GTEX-1ICG6-5003-SM-GHS9A,bulk,right cardiac atrium
http://purl.obolibrary.org/obo/UBERON_0000948,heart,http://purl.org/ccf/latest/ccf.owl#VHMHeart,http://purl.obolibrary.org/obo/UBERON_0002078,https://doi.org/10.1126/science.abl4290#GTEX-1ICG6-5003-SM-GHS9A,bulk,right cardiac atrium
http://purl.obolibrary.org/obo/UBERON_0000948,heart,http://purl.org/ccf/latest/ccf.owl#VHMHeart,http://purl.obolibrary.org/obo/UBERON_0002078,https://doi.org/10.1126/science.abl4290#GTEX-1ICG6-5003-SM-GHS9A,bulk,right cardiac atrium
http://purl.obolibrary.org/obo/UBERON_0000948,heart,http://purl.org/ccf/latest/ccf.owl#VHMHeart,http://purl.obolibrary.org/obo/UBERON_0002084,https://entity.api.hubmapconsortium.org/entities/21043afd6be7ec258f8a9fa1577c41b5,bulk,heart left ventricle
http://purl.obolibrary.org/obo/UBERON_0000948,heart,http://purl.org/ccf/latest/ccf.owl#VHMHeart,http://purl.obolibrary.org/obo/UBERON_0002084,https://entity.api.hubmapconsortium.org/entities/fd57a928d9f3cee7e95d284f1d5b9935,bulk,heart left ventricle
http://purl.obolibrary.org/obo/UBERON_0000948,heart,http://purl.org/ccf/latest/ccf.owl#VHMHeart,http://purl.obolibrary.org/obo/UBERON_0002084,https://entity.api.hubmapconsortium.org/entities/c616de3ce57804ede2dd519a1c8addf2,bulk,heart left ventricle
http://purl.obolibrary.org/obo/UBERON_0000948,heart,http://purl.org/ccf/latest/ccf.owl#VHMHeart,http://purl.obolibrary.org/obo/UBERON_0002080,https://entity.api.hubmapconsortium.org/entities/b1ac71625c1aba9d819fae1725c27a42,bulk,heart right ventricle
http://purl.obolibrary.org/obo/UBERON_0000948,heart,http://purl.org/ccf/latest/ccf.owl#VHMHeart,http://purl.obolibrary.org/obo/UBERON_0002084,https://entity.api.hubmapconsortium.org/entities/007f3dfaaa287d5c7c227651f61a9c5b,bulk,heart left ventricle
http://purl.obolibrary.org/obo/UBERON_0000948,heart,http://purl.org/ccf/latest/ccf.owl#VHMHeart,http://purl.obolibrary.org/obo/UBERON_0002084,https://entity.api.hubmapconsortium.org/entities/2d3dbd5e5a3d9d5cfc7a46f06815a4eb,bulk,heart left ventricle
http://purl.obolibrary.org/obo/UBERON_0000948,heart,http://purl.org/ccf/latest/ccf.owl#VHMHeart,http://purl.obolibrary.org/obo/UBERON_0002084,https://entity.api.hubmapconsortium.org/entities/9e91d1be412466551533cce5594450cb,bulk,heart left ventricle
http://purl.obolibrary.org/obo/UBERON_0001004,respiratory system,http://purl.org/ccf/latest/ccf.owl#VHMLung,http://purl.org/sig/ont/fma/fma7385,https://doi.org/10.1126/science.abl4290#GTEX-13N11-5030-SM-H5JDW,bulk,Left apical bronchopulmonary segment
http://purl.obolibrary.org/obo/UBERON_0001004,respiratory system,http://purl.org/ccf/latest/ccf.owl#VHMLung,http://purl.org/sig/ont/fma/fma7385,https://doi.org/10.1126/science.abl4290#GTEX-13N11-5030-SM-H5JDW,bulk,Left apical bronchopulmonary segment
http://purl.obolibrary.org/obo/UBERON_0001004,respiratory system,http://purl.org/ccf/latest/ccf.owl#VHMLung,http://purl.org/sig/ont/fma/fma7385,https://doi.org/10.1126/science.abl4290#GTEX-13N11-5030-SM-H5JDW,bulk,Left apical bronchopulmonary segment
http://purl.obolibrary.org/obo/UBERON_0001004,respiratory system,http://purl.org/ccf/latest/ccf.owl#VHMLung,http://purl.org/sig/ont/fma/fma7385,https://doi.org/10.1126/science.abl4290#GTEX-1HSMQ-5005-SM-GKSJF,bulk,Left apical bronchopulmonary segment
http://purl.obolibrary.org/obo/UBERON_0001004,respiratory system,http://purl.org/ccf/latest/ccf.owl#VHMLung,http://purl.org/sig/ont/fma/fma7385,https://doi.org/10.1126/science.abl4290#GTEX-1HSMQ-5005-SM-GKSJF,bulk,Left apical bronchopulmonary segment
http://purl.obolibrary.org/obo/UBERON_0001004,respiratory system,http://purl.org/ccf/latest/ccf.owl#VHMLung,http://purl.org/sig/ont/fma/fma7385,https://doi.org/10.1126/science.abl4290#GTEX-1HSMQ-5005-SM-GKSJF,bulk,Left apical bronchopulmonary segment
http://purl.obolibrary.org/obo/UBERON_0001004,respiratory system,http://purl.org/ccf/latest/ccf.owl#VHMLung,http://purl.org/sig/ont/fma/fma7385,https://doi.org/10.1126/science.abl4290#GTEX-15CHR-5005-SM-H5JDT,bulk,Left apical bronchopulmonary segment
http://purl.obolibrary.org/obo/UBERON_0001004,respiratory system,http://purl.org/ccf/latest/ccf.owl#VHMLung,http://purl.org/sig/ont/fma/fma7385,https://doi.org/10.1126/science.abl4290#GTEX-15CHR-5005-SM-H5JDT,bulk,Left apical bronchopulmonary segment
http://purl.obolibrary.org/obo/UBERON_0001004,respiratory system,http://purl.org/ccf/latest/ccf.owl#VHMLung,http://purl.org/sig/ont/fma/fma7385,https://doi.org/10.1126/science.abl4290#GTEX-15CHR-5005-SM-H5JDT,bulk,Left apical bronchopulmonary segment
http://purl.obolibrary.org/obo/UBERON_0004539,right kidney,http://purl.org/ccf/latest/ccf.owl#VHMRightKidney,http://purl.obolibrary.org/obo/UBERON_0002189,https://entity.api.hubmapconsortium.org/entities/aa97a7c3e11e210bfa1629ee467bdcf6,bulk,outer cortex of kidney
http://purl.obolibrary.org/obo/UBERON_0004539,right kidney,http://purl.org/ccf/latest/ccf.owl#VHMRightKidney,http://purl.obolibrary.org/obo/UBERON_0002189,https://entity.api.hubmapconsortium.org/entities/10b22d398b548c141167d4d9c4cbd79e,bulk,outer cortex of kidney
http://purl.obolibrary.org/obo/UBERON_0004539,right kidney,http://purl.org/ccf/latest/ccf.owl#VHMRightKidney,http://purl.obolibrary.org/obo/UBERON_0002189,https://entity.api.hubmapconsortium.org/entities/aeaaa0536b87935ad50cf69f1a0c3b1a,bulk,outer cortex of kidney
http://purl.obolibrary.org/obo/UBERON_0004539,right kidney,http://purl.org/ccf/latest/ccf.owl#VHMRightKidney,http://purl.obolibrary.org/obo/UBERON_0002189,https://entity.api.hubmapconsortium.org/entities/fcd7a8d45be34fdccb8fa400ea81a331,bulk,outer cortex of kidney
http://purl.obolibrary.org/obo/UBERON_0004539,right kidney,http://purl.org/ccf/latest/ccf.owl#VHMRightKidney,http://purl.obolibrary.org/obo/UBERON_0002189,https://entity.api.hubmapconsortium.org/entities/fdfa344add5dcf9e8e0f6572efbf9312,bulk,outer cortex of kidney
http://purl.obolibrary.org/obo/UBERON_0004539,right kidney,http://purl.org/ccf/latest/ccf.owl#VHMRightKidney,http://purl.obolibrary.org/obo/UBERON_0002189,https://entity.api.hubmapconsortium.org/entities/d68e7b99290b6b7cca686b54955a2c22,bulk,outer cortex of kidney
http://purl.obolibrary.org/obo/UBERON_0004539,right kidney,http://purl.org/ccf/latest/ccf.owl#VHMRightKidney,http://purl.obolibrary.org/obo/UBERON_0002189,https://entity.api.hubmapconsortium.org/entities/78e90185d511ee0f6293e266a7354348,bulk,outer cortex of kidney
http://purl.obolibrary.org/obo/UBERON_0004539,right kidney,http://purl.org/ccf/latest/ccf.owl#VHMRightKidney,http://purl.obolibrary.org/obo/UBERON_0002189,https://entity.api.hubmapconsortium.org/entities/cdf9127efdfc96189845c35244d4d8ab,bulk,outer cortex of kidney
http://purl.obolibrary.org/obo/UBERON_0004539,right kidney,http://purl.org/ccf/latest/ccf.owl#VHMRightKidney,http://purl.obolibrary.org/obo/UBERON_0002189,https://entity.api.hubmapconsortium.org/entities/8464b75a88e33b69027c39b0c3f43b2f,bulk,outer cortex of kidney
http://purl.obolibrary.org/obo/UBERON_0004539,right kidney,http://purl.org/ccf/latest/ccf.owl#VHMRightKidney,http://purl.obolibrary.org/obo/UBERON_0002189,https://entity.api.hubmapconsortium.org/entities/69e35548d14ef026c46ddbab31f761da,bulk,outer cortex of kidney
http://purl.obolibrary.org/obo/UBERON_0004539,right kidney,http://purl.org/ccf/latest/ccf.owl#VHMRightKidney,http://purl.obolibrary.org/obo/UBERON_0002189,https://entity.api.hubmapconsortium.org/entities/cad9fd8d9dded93c39e694f851b85b97,bulk,outer cortex of kidney
http://purl.obolibrary.org/obo/UBERON_0004539,right kidney,http://purl.org/ccf/latest/ccf.owl#VHMRightKidney,http://purl.obolibrary.org/obo/UBERON_0002189,https://entity.api.hubmapconsortium.org/entities/7c8c57d0d7f39d680f30587cc2c91c64,bulk,outer cortex of kidney
http://purl.obolibrary.org/obo/UBERON_0004539,right kidney,http://purl.org/ccf/latest/ccf.owl#VHMRightKidney,http://purl.obolibrary.org/obo/UBERON_0002189,https://entity.api.hubmapconsortium.org/entities/c7beda8afe491243d634e3fd0531489b,bulk,outer cortex of kidney
http://purl.obolibrary.org/obo/UBERON_0004539,right kidney,http://purl.org/ccf/latest/ccf.owl#VHMRightKidney,http://purl.obolibrary.org/obo/UBERON_0002189,https://entity.api.hubmapconsortium.org/entities/bf1896efe41bb1b17eee3bd77072454d,bulk,outer cortex of kidney
http://purl.obolibrary.org/obo/UBERON_0004539,right kidney,http://purl.org/ccf/latest/ccf.owl#VHMRightKidney,http://purl.obolibrary.org/obo/UBERON_0002189,https://entity.api.hubmapconsortium.org/entities/2ee93cd3a39b317d58d3f308281a943e,bulk,outer cortex of kidney
http://purl.obolibrary.org/obo/UBERON_0004539,right kidney,http://purl.org/ccf/latest/ccf.owl#VHMRightKidney,http://purl.obolibrary.org/obo/UBERON_0002189,https://entity.api.hubmapconsortium.org/entities/5c57b3574a103e4990c8ed54cd82c6e6,bulk,outer cortex of kidney
http://purl.obolibrary.org/obo/UBERON_0004539,right kidney,http://purl.org/ccf/latest/ccf.owl#VHMRightKidney,http://purl.obolibrary.org/obo/UBERON_0002189,https://entity.api.hubmapconsortium.org/entities/f0d9d828d7d1e61289d72e52fafafafa,bulk,outer cortex of kidney
http://purl.obolibrary.org/obo/UBERON_0004539,right kidney,http://purl.org/ccf/latest/ccf.owl#VHMRightKidney,http://purl.obolibrary.org/obo/UBERON_0002189,https://entity.api.hubmapconsortium.org/entities/b07a1fb96ddc2d4119e1f9a73d9c0a6a,bulk,outer cortex of kidney
http://purl.obolibrary.org/obo/UBERON_0004539,right kidney,http://purl.org/ccf/latest/ccf.owl#VHMRightKidney,http://purl.obolibrary.org/obo/UBERON_0002189,https://entity.api.hubmapconsortium.org/entities/ae69348842e9e11be18cb3af99db834e,bulk,outer cortex of kidney
http://purl.obolibrary.org/obo/UBERON_0004539,right kidney,http://purl.org/ccf/latest/ccf.owl#VHMRightKidney,http://purl.obolibrary.org/obo/UBERON_0002189,https://entity.api.hubmapconsortium.org/entities/4348d5cf6485b949381a1c3358ab3f23,bulk,outer cortex of kidney
http://purl.obolibrary.org/obo/UBERON_0004539,right kidney,http://purl.org/ccf/latest/ccf.owl#VHMRightKidney,http://purl.obolibrary.org/obo/UBERON_0002189,https://entity.api.hubmapconsortium.org/entities/707d72d89097af2ff75d127137e5547e,bulk,outer cortex of kidney
http://purl.obolibrary.org/obo/UBERON_0004539,right kidney,http://purl.org/ccf/latest/ccf.owl#VHMRightKidney,http://purl.obolibrary.org/obo/UBERON_0002189,https://entity.api.hubmapconsortium.org/entities/dab09765ac710804749b195462381b32,bulk,outer cortex of kidney
http://purl.obolibrary.org/obo/UBERON_0004539,right kidney,http://purl.org/ccf/latest/ccf.owl#VHMRightKidney,http://purl.obolibrary.org/obo/UBERON_0002189,https://entity.api.hubmapconsortium.org/entities/2d2356cf5b4eb114d958c31346c3dd2f,bulk,outer cortex of kidney
http://purl.obolibrary.org/obo/UBERON_0004539,right kidney,http://purl.org/ccf/latest/ccf.owl#VHMRightKidney,http://purl.obolibrary.org/obo/UBERON_0002189,https://entity.api.hubmapconsortium.org/entities/2553283ad2c4dfe0033ba752fe204551,bulk,outer cortex of kidney
http://purl.obolibrary.org/obo/UBERON_0004539,right kidney,http://purl.org/ccf/latest/ccf.owl#VHMRightKidney,http://purl.obolibrary.org/obo/UBERON_0002189,https://entity.api.hubmapconsortium.org/entities/feea9accbe57b7a052563895ac543d91,bulk,outer cortex of kidney
http://purl.obolibrary.org/obo/UBERON_0004539,right kidney,http://purl.org/ccf/latest/ccf.owl#VHMRightKidney,http://purl.obolibrary.org/obo/UBERON_0002189,https://entity.api.hubmapconsortium.org/entities/a1d17fdd270a69c813b872a927dfa5f3,bulk,outer cortex of kidney
http://purl.obolibrary.org/obo/UBERON_0004539,right kidney,http://purl.org/ccf/latest/ccf.owl#VHMRightKidney,http://purl.obolibrary.org/obo/UBERON_0002189,https://entity.api.hubmapconsortium.org/entities/bc26df5c01b624841a51e60cd8229c51,bulk,outer cortex of kidney
http://purl.obolibrary.org/obo/UBERON_0004539,right kidney,http://purl.org/ccf/latest/ccf.owl#VHMRightKidney,http://purl.obolibrary.org/obo/UBERON_0002189,https://entity.api.hubmapconsortium.org/entities/30a94db595b402bd813b020b0c51e233,bulk,outer cortex of kidney
http://purl.obolibrary.org/obo/UBERON_0004539,right kidney,http://purl.org/ccf/latest/ccf.owl#VHMRightKidney,http://purl.obolibrary.org/obo/UBERON_0002189,https://entity.api.hubmapconsortium.org/entities/b0c09583b2a1b3c82eddce71706dba4b,bulk,outer cortex of kidney
http://purl.obolibrary.org/obo/UBERON_0004539,right kidney,http://purl.org/ccf/latest/ccf.owl#VHMRightKidney,http://purl.obolibrary.org/obo/UBERON_0002189,https://entity.api.hubmapconsortium.org/entities/0b7015a55e38bd43b6cd6f58ddeb9059,bulk,outer cortex of kidney
http://purl.obolibrary.org/obo/UBERON_0004539,right kidney,http://purl.org/ccf/latest/ccf.owl#VHMRightKidney,http://purl.obolibrary.org/obo/UBERON_0002189,https://entity.api.hubmapconsortium.org/entities/e3d2be85088ae5073758e6609167407a,bulk,outer cortex of kidney
http://purl.obolibrary.org/obo/UBERON_0004539,right kidney,http://purl.org/ccf/latest/ccf.owl#VHMRightKidney,http://purl.obolibrary.org/obo/UBERON_0002189,https://entity.api.hubmapconsortium.org/entities/17fb6d5db17936acc8fb613ce98ab808,bulk,outer cortex of kidney
http://purl.obolibrary.org/obo/UBERON_0004539,right kidney,http://purl.org/ccf/latest/ccf.owl#VHMRightKidney,http://purl.obolibrary.org/obo/UBERON_0002189,https://entity.api.hubmapconsortium.org/entities/b3d66a3ef05dcca3984087b155c6e915,bulk,outer cortex of kidney
http://purl.obolibrary.org/obo/UBERON_0004539,right kidney,http://purl.org/ccf/latest/ccf.owl#VHMRightKidney,http://purl.obolibrary.org/obo/UBERON_0002189,https://entity.api.hubmapconsortium.org/entities/72fd0d8256cd9d9e9d0c75ed7b4431cc,bulk,outer cortex of kidney
http://purl.obolibrary.org/obo/UBERON_0004539,right kidney,http://purl.org/ccf/latest/ccf.owl#VHMRightKidney,http://purl.obolibrary.org/obo/UBERON_0002189,https://entity.api.hubmapconsortium.org/entities/ea4cfecb8495b36694d9a951510dc3c6,bulk,outer cortex of kidney
http://purl.obolibrary.org/obo/UBERON_0004539,right kidney,http://purl.org/ccf/latest/ccf.owl#VHMRightKidney,http://purl.obolibrary.org/obo/UBERON_0002189,https://entity.api.hubmapconsortium.org/entities/5f4e84e77fd0e4dec0c4d1cab468de15,bulk,outer cortex of kidney
http://purl.obolibrary.org/obo/UBERON_0004539,right kidney,http://purl.org/ccf/latest/ccf.owl#VHMRightKidney,http://purl.obolibrary.org/obo/UBERON_0002189,https://entity.api.hubmapconsortium.org/entities/069a6930776ca28f8e10c3781aa13b56,bulk,outer cortex of kidney
http://purl.obolibrary.org/obo/UBERON_0004539,right kidney,http://purl.org/ccf/latest/ccf.owl#VHMRightKidney,http://purl.obolibrary.org/obo/UBERON_0002189,https://entity.api.hubmapconsortium.org/entities/0430a44e418219aafce608f4286b2a9b,bulk,outer cortex of kidney
http://purl.obolibrary.org/obo/UBERON_0004539,right kidney,http://purl.org/ccf/latest/ccf.owl#VHMRightKidney,http://purl.obolibrary.org/obo/UBERON_0002189,https://entity.api.hubmapconsortium.org/entities/0027cb59bcb4a34d5db83acaf934a9d9,bulk,outer cortex of kidney
http://purl.obolibrary.org/obo/UBERON_0004539,right kidney,http://purl.org/ccf/latest/ccf.owl#VHMRightKidney,http://purl.obolibrary.org/obo/UBERON_0002189,https://entity.api.hubmapconsortium.org/entities/67c6b239cf0986423273c874dd8c5e66,bulk,outer cortex of kidney
http://purl.obolibrary.org/obo/UBERON_0004539,right kidney,http://purl.org/ccf/latest/ccf.owl#VHMRightKidney,http://purl.obolibrary.org/obo/UBERON_0002189,https://entity.api.hubmapconsortium.org/entities/f4b3c0e24e09e1e8c16f2e4e190a8cbb,bulk,outer cortex of kidney
http://purl.obolibrary.org/obo/UBERON_0004539,right kidney,http://purl.org/ccf/latest/ccf.owl#VHMRightKidney,http://purl.obolibrary.org/obo/UBERON_0002189,https://entity.api.hubmapconsortium.org/entities/892b7cae1138be0b8181cca95b901628,bulk,outer cortex of kidney
http://purl.obolibrary.org/obo/UBERON_0004539,right kidney,http://purl.org/ccf/latest/ccf.owl#VHMRightKidney,http://purl.obolibrary.org/obo/UBERON_0002189,https://entity.api.hubmapconsortium.org/entities/bca0d1d7fcb2bdcde16a31d1484e83e5,bulk,outer cortex of kidney
http://purl.obolibrary.org/obo/UBERON_0004539,right kidney,http://purl.org/ccf/latest/ccf.owl#VHMRightKidney,http://purl.obolibrary.org/obo/UBERON_0002189,https://entity.api.hubmapconsortium.org/entities/5a6470730104461ebb4358a11f70bd56,bulk,outer cortex of kidney
http://purl.obolibrary.org/obo/UBERON_0004539,right kidney,http://purl.org/ccf/latest/ccf.owl#VHMRightKidney,http://purl.obolibrary.org/obo/UBERON_0002189,https://entity.api.hubmapconsortium.org/entities/b5ff6c347488c45deafeb6316dc7925b,bulk,outer cortex of kidney
http://purl.obolibrary.org/obo/UBERON_0004539,right kidney,http://purl.org/ccf/latest/ccf.owl#VHMRightKidney,http://purl.obolibrary.org/obo/UBERON_0002189,https://entity.api.hubmapconsortium.org/entities/2a590db3d7ab1e1512816b165d95cdcf,bulk,outer cortex of kidney
http://purl.obolibrary.org/obo/UBERON_0004539,right kidney,http://purl.org/ccf/latest/ccf.owl#VHMRightKidney,http://purl.obolibrary.org/obo/UBERON_0002189,https://entity.api.hubmapconsortium.org/entities/44830922b634a9ecd4812b4f27ad4923,bulk,outer cortex of kidney
http://purl.obolibrary.org/obo/UBERON_0004539,right kidney,http://purl.org/ccf/latest/ccf.owl#VHMRightKidney,http://purl.obolibrary.org/obo/UBERON_0002189,https://entity.api.hubmapconsortium.org/entities/4734034ae3026f586bab5269085ba0e6,bulk,outer cortex of kidney
http://purl.obolibrary.org/obo/UBERON_0004539,right kidney,http://purl.org/ccf/latest/ccf.owl#VHMRightKidney,http://purl.obolibrary.org/obo/UBERON_0002189,https://entity.api.hubmapconsortium.org/entities/781a16848177ef6567d4963a0eb9fb0a,bulk,outer cortex of kidney
http://purl.obolibrary.org/obo/UBERON_0004539,right kidney,http://purl.org/ccf/latest/ccf.owl#VHMRightKidney,http://purl.obolibrary.org/obo/UBERON_0002189,https://entity.api.hubmapconsortium.org/entities/2e4ae8b2f845f62e77cea46ef074981c,bulk,outer cortex of kidney
http://purl.obolibrary.org/obo/UBERON_0004539,right kidney,http://purl.org/ccf/latest/ccf.owl#VHMRightKidney,http://purl.obolibrary.org/obo/UBERON_0002189,https://entity.api.hubmapconsortium.org/entities/5137facf6f24b87d325b886ec8e5fb1f,bulk,outer cortex of kidney
http://purl.obolibrary.org/obo/UBERON_0004539,right kidney,http://purl.org/ccf/latest/ccf.owl#VHMRightKidney,http://purl.obolibrary.org/obo/UBERON_0002189,https://entity.api.hubmapconsortium.org/entities/d88c483eea56204fd3282c5f62f31f0d,bulk,outer cortex of kidney
http://purl.obolibrary.org/obo/UBERON_0004539,right kidney,http://purl.org/ccf/latest/ccf.owl#VHMRightKidney,http://purl.obolibrary.org/obo/UBERON_0002189,https://entity.api.hubmapconsortium.org/entities/674116f3bb6c85dc933ea4ce6ffab05f,bulk,outer cortex of kidney
http://purl.obolibrary.org/obo/UBERON_0004539,right kidney,http://purl.org/ccf/latest/ccf.owl#VHMRightKidney,http://purl.obolibrary.org/obo/UBERON_0002189,https://entity.api.hubmapconsortium.org/entities/d655e506e3e07f345c65c3cc90d045e2,bulk,outer cortex of kidney
http://purl.obolibrary.org/obo/UBERON_0004539,right kidney,http://purl.org/ccf/latest/ccf.owl#VHMRightKidney,http://purl.obolibrary.org/obo/UBERON_0002189,https://entity.api.hubmapconsortium.org/entities/8306f9bdef96312bd36c18b45bd8e141,bulk,outer cortex of kidney
http://purl.obolibrary.org/obo/UBERON_0004539,right kidney,http://purl.org/ccf/latest/ccf.owl#VHMRightKidney,http://purl.obolibrary.org/obo/UBERON_0002189,https://entity.api.hubmapconsortium.org/entities/8adfc58a225049fb0884a8289d560534,bulk,outer cortex of kidney
http://purl.obolibrary.org/obo/UBERON_0004539,right kidney,http://purl.org/ccf/latest/ccf.owl#VHMRightKidney,http://purl.obolibrary.org/obo/UBERON_0002189,https://entity.api.hubmapconsortium.org/entities/28d7789ef980031fb7278646fe43ffe1,bulk,outer cortex of kidney
http://purl.obolibrary.org/obo/UBERON_0004539,right kidney,http://purl.org/ccf/latest/ccf.owl#VHMRightKidney,http://purl.obolibrary.org/obo/UBERON_0002189,https://entity.api.hubmapconsortium.org/entities/0110be17631ab95c722d476145feb00c,bulk,outer cortex of kidney
http://purl.obolibrary.org/obo/UBERON_0004539,right kidney,http://purl.org/ccf/latest/ccf.owl#VHMRightKidney,http://purl.obolibrary.org/obo/UBERON_0002189,https://entity.api.hubmapconsortium.org/entities/00318be0b7cfa3c6ed7fbeab08fe700b,bulk,outer cortex of kidney
http://purl.obolibrary.org/obo/UBERON_0004539,right kidney,http://purl.org/ccf/latest/ccf.owl#VHMRightKidney,http://purl.obolibrary.org/obo/UBERON_0002189,https://entity.api.hubmapconsortium.org/entities/0cecd7cf1da6f81d3654c1712a5d61a2,bulk,outer cortex of kidney
http://purl.obolibrary.org/obo/UBERON_0004539,right kidney,http://purl.org/ccf/latest/ccf.owl#VHMRightKidney,http://purl.obolibrary.org/obo/UBERON_0002189,https://entity.api.hubmapconsortium.org/entities/bba1f664447f3bf1bccb0b6ebf2f61ad,bulk,outer cortex of kidney
http://purl.obolibrary.org/obo/UBERON_0004539,right kidney,http://purl.org/ccf/latest/ccf.owl#VHMRightKidney,http://purl.obolibrary.org/obo/UBERON_0002189,https://entity.api.hubmapconsortium.org/entities/15882fef75843d5cef518853a0e8246d,bulk,outer cortex of kidney
http://purl.obolibrary.org/obo/UBERON_0004539,right kidney,http://purl.org/ccf/latest/ccf.owl#VHMRightKidney,http://purl.obolibrary.org/obo/UBERON_0002189,https://entity.api.hubmapconsortium.org/entities/d363e6062d4962bc7ef44d1d94afec62,bulk,outer cortex of kidney
http://purl.obolibrary.org/obo/UBERON_0004539,right kidney,http://purl.org/ccf/latest/ccf.owl#VHMRightKidney,http://purl.obolibrary.org/obo/UBERON_0002189,https://entity.api.hubmapconsortium.org/entities/e901621d0400c18d3d69decd46a82c84,bulk,outer cortex of kidney
http://purl.obolibrary.org/obo/UBERON_0004539,right kidney,http://purl.org/ccf/latest/ccf.owl#VHMRightKidney,http://purl.obolibrary.org/obo/UBERON_0002189,https://entity.api.hubmapconsortium.org/entities/450581eb06aeeb66419b4007d5e86baa,bulk,outer cortex of kidney
http://purl.obolibrary.org/obo/UBERON_0004539,right kidney,http://purl.org/ccf/latest/ccf.owl#VHMRightKidney,http://purl.obolibrary.org/obo/UBERON_0002189,https://entity.api.hubmapconsortium.org/entities/911380980cd33eac5add7f72d86de146,bulk,outer cortex of kidney
http://purl.obolibrary.org/obo/UBERON_0004539,right kidney,http://purl.org/ccf/latest/ccf.owl#VHMRightKidney,http://purl.obolibrary.org/obo/UBERON_0002189,https://entity.api.hubmapconsortium.org/entities/4e372aa4f8cfce62f2663c5ef810409a,bulk,outer cortex of kidney
http://purl.obolibrary.org/obo/UBERON_0002106,spleen,http://purl.org/ccf/latest/ccf.owl#VHMSpleen,http://purl.obolibrary.org/obo/UBERON_0001248,https://entity.api.hubmapconsortium.org/entities/29a538c3ddb396dee26188ae1151da46,bulk,hilum of spleen
http://purl.obolibrary.org/obo/UBERON_0002106,spleen,http://purl.org/ccf/latest/ccf.owl#VHMSpleen,http://purl.obolibrary.org/obo/UBERON_0001248,https://entity.api.hubmapconsortium.org/entities/9a36e5319429ec6aca5a8a9fef401929,bulk,hilum of spleen
http://purl.obolibrary.org/obo/UBERON_0002108,small intestine,http://purl.org/ccf/latest/ccf.owl#VHMSmallIntestine,http://purl.org/sig/ont/fma/fma14929,https://entity.api.hubmapconsortium.org/entities/f85a3bfcde06f603102506c851dd76a0,bulk,horizontal part of duodenum
http://purl.obolibrary.org/obo/UBERON_0002108,small intestine,http://purl.org/ccf/latest/ccf.owl#VHMSmallIntestine,http://purl.org/sig/ont/fma/fma14966,https://entity.api.hubmapconsortium.org/entities/133bc98251c8b80923f550ea2678380e,spatial,distal part of ileum
http://purl.obolibrary.org/obo/UBERON_0002108,small intestine,http://purl.org/ccf/latest/ccf.owl#VHFSmallIntestine,http://purl.obolibrary.org/obo/UBERON_0002116,https://entity.api.hubmapconsortium.org/entities/8a5592389339a77ce7697f516aa721fe,bulk,ileum
http://purl.obolibrary.org/obo/UBERON_0002108,small intestine,http://purl.org/ccf/latest/ccf.owl#VHMSmallIntestine,http://purl.org/sig/ont/fma/fma14929,https://entity.api.hubmapconsortium.org/entities/c0f9540056469f86daa7c7a363dfb0bd,spatial,horizontal part of duodenum
http://purl.obolibrary.org/obo/UBERON_0002108,small intestine,http://purl.org/ccf/latest/ccf.owl#VHMSmallIntestine,http://purl.org/sig/ont/fma/fma14966,https://entity.api.hubmapconsortium.org/entities/c3fc521953367daa816487df05a58ec8,bulk,distal part of ileum
http://purl.obolibrary.org/obo/UBERON_0002108,small intestine,http://purl.org/ccf/latest/ccf.owl#VHMSmallIntestine,http://purl.org/sig/ont/fma/fma14966,https://entity.api.hubmapconsortium.org/entities/371a66eb271ddc229fa5cb2c3a20ca12,spatial,distal part of ileum
http://purl.obolibrary.org/obo/UBERON_0002108,small intestine,http://purl.org/ccf/latest/ccf.owl#VHMSmallIntestine,http://purl.org/sig/ont/fma/fma14966,https://entity.api.hubmapconsortium.org/entities/453b06e1f62ec3e54d8380e4e974a5a5,bulk,distal part of ileum
http://purl.obolibrary.org/obo/UBERON_0002108,small intestine,http://purl.org/ccf/latest/ccf.owl#VHMSmallIntestine,http://purl.org/sig/ont/fma/fma14966,https://entity.api.hubmapconsortium.org/entities/746688ea37608c8dbbcc1805adc0413c,spatial,distal part of ileum
http://purl.obolibrary.org/obo/UBERON_0002108,small intestine,http://purl.org/ccf/latest/ccf.owl#VHMSmallIntestine,http://purl.org/sig/ont/fma/fma14966,https://entity.api.hubmapconsortium.org/entities/27db7c3986c56c8ce03e71779e7ce698,bulk,distal part of ileum
http://purl.obolibrary.org/obo/UBERON_0002108,small intestine,http://purl.org/ccf/latest/ccf.owl#VHMSmallIntestine,http://purl.org/sig/ont/fma/fma14966,https://entity.api.hubmapconsortium.org/entities/6f289cf6ba3614682e8d5f6c8e93ebb1,bulk,distal part of ileum
http://purl.obolibrary.org/obo/UBERON_0002108,small intestine,http://purl.org/ccf/latest/ccf.owl#VHMSmallIntestine,http://purl.org/sig/ont/fma/fma14929,https://entity.api.hubmapconsortium.org/entities/81d8286998779f11d424210f19276941,bulk,horizontal part of duodenum
http://purl.obolibrary.org/obo/UBERON_0002108,small intestine,http://purl.org/ccf/latest/ccf.owl#VHMSmallIntestine,http://purl.org/sig/ont/fma/fma14966,https://entity.api.hubmapconsortium.org/entities/5dcd80f33dd59321055f621791918516,spatial,distal part of ileum
http://purl.obolibrary.org/obo/UBERON_0002108,small intestine,http://purl.org/ccf/latest/ccf.owl#VHFSmallIntestine,http://purl.obolibrary.org/obo/UBERON_0002116,https://entity.api.hubmapconsortium.org/entities/3a4fb23a49fba2647dba2b8f57976d25,spatial,ileum
http://purl.obolibrary.org/obo/UBERON_0002108,small intestine,http://purl.org/ccf/latest/ccf.owl#VHMSmallIntestine,http://purl.org/sig/ont/fma/fma14966,https://entity.api.hubmapconsortium.org/entities/2c718a10905c5941d4cc134a7027f808,bulk,distal part of ileum
http://purl.obolibrary.org/obo/UBERON_0002108,small intestine,http://purl.org/ccf/latest/ccf.owl#VHMSmallIntestine,http://purl.org/sig/ont/fma/fma14966,https://entity.api.hubmapconsortium.org/entities/61b3818a8c762a5708b275a714360608,spatial,distal part of ileum
http://purl.obolibrary.org/obo/UBERON_0000059,large intestine,http://purl.org/ccf/latest/ccf.owl#VHMColon,http://purl.obolibrary.org/obo/UBERON_0001158,https://entity.api.hubmapconsortium.org/entities/8ccdee5587a477c482be2e6e19dddf7a,bulk,descending colon
http://purl.obolibrary.org/obo/UBERON_0000059,large intestine,http://purl.org/ccf/latest/ccf.owl#VHMColon,http://purl.obolibrary.org/obo/UBERON_0001158,https://entity.api.hubmapconsortium.org/entities/aabf05e28a70e7da1fc2558d9a2d82af,spatial,descending colon
http://purl.obolibrary.org/obo/UBERON_0000059,large intestine,http://purl.org/ccf/latest/ccf.owl#VHFLargeIntestine,http://purl.obolibrary.org/obo/UBERON_0001157,https://entity.api.hubmapconsortium.org/entities/3f3fc7fbd6c9ddffd3cd96e07b946252,spatial,transverse colon
http://purl.obolibrary.org/obo/UBERON_0000059,large intestine,http://purl.org/ccf/latest/ccf.owl#VHMColon,http://purl.obolibrary.org/obo/UBERON_0001157,https://entity.api.hubmapconsortium.org/entities/089ebad7c98cebe22f6d97b246fb45c6,bulk,transverse colon
http://purl.obolibrary.org/obo/UBERON_0000059,large intestine,http://purl.org/ccf/latest/ccf.owl#VHMColon,http://purl.obolibrary.org/obo/UBERON_0001158,https://entity.api.hubmapconsortium.org/entities/cd0ad2f9ed2f896e682ecacfbdac01ab,bulk,descending colon
http://purl.obolibrary.org/obo/UBERON_0000059,large intestine,http://purl.org/ccf/latest/ccf.owl#VHMColon,http://purl.obolibrary.org/obo/UBERON_0001156,https://entity.api.hubmapconsortium.org/entities/4887c97a8f862dfd0927fca83772da67,spatial,ascending colon
http://purl.obolibrary.org/obo/UBERON_0000059,large intestine,http://purl.org/ccf/latest/ccf.owl#VHMColon,http://purl.obolibrary.org/obo/UBERON_0001157,https://entity.api.hubmapconsortium.org/entities/b1a0bb5adb99161eb40f977358187c6d,bulk,transverse colon
http://purl.obolibrary.org/obo/UBERON_0000059,large intestine,http://purl.org/ccf/latest/ccf.owl#VHMColon,http://purl.obolibrary.org/obo/UBERON_0001157,https://entity.api.hubmapconsortium.org/entities/4a535055190943788c69d672ba1c8a71,bulk,transverse colon
http://purl.obolibrary.org/obo/UBERON_0000059,large intestine,http://purl.org/ccf/latest/ccf.owl#VHMColon,http://purl.obolibrary.org/obo/UBERON_0001156,https://entity.api.hubmapconsortium.org/entities/f3256b912f001d1b58877100b96e38a2,bulk,ascending colon
http://purl.obolibrary.org/obo/UBERON_0000059,large intestine,http://purl.org/ccf/latest/ccf.owl#VHMColon,http://purl.obolibrary.org/obo/UBERON_0001156,https://entity.api.hubmapconsortium.org/entities/71719ade6924098f772d4063541a50f3,bulk,ascending colon
http://purl.obolibrary.org/obo/UBERON_0000059,large intestine,http://purl.org/ccf/latest/ccf.owl#VHFLargeIntestine,http://purl.obolibrary.org/obo/UBERON_0001157,https://entity.api.hubmapconsortium.org/entities/2eca1430db3b9a4129bff717925fe932,bulk,transverse colon
http://purl.obolibrary.org/obo/UBERON_0000059,large intestine,http://purl.org/ccf/latest/ccf.owl#VHMColon,http://purl.obolibrary.org/obo/UBERON_0001158,https://entity.api.hubmapconsortium.org/entities/763635933fb185b0174ea09273b36583,spatial,descending colon
http://purl.obolibrary.org/obo/UBERON_0000059,large intestine,http://purl.org/ccf/latest/ccf.owl#VHMColon,http://purl.obolibrary.org/obo/UBERON_0001157,https://entity.api.hubmapconsortium.org/entities/e83e9242f4823b710a98fcb9affdfa1d,bulk,transverse colon
http://purl.obolibrary.org/obo/UBERON_0000059,large intestine,http://purl.org/ccf/latest/ccf.owl#VHMColon,http://purl.obolibrary.org/obo/UBERON_0001157,https://entity.api.hubmapconsortium.org/entities/e3b831b46c84bc66e88fa410cf89dc2d,spatial,transverse colon
http://purl.obolibrary.org/obo/UBERON_0000059,large intestine,http://purl.org/ccf/latest/ccf.owl#VHFLargeIntestine,http://purl.obolibrary.org/obo/UBERON_0001157,https://entity.api.hubmapconsortium.org/entities/f2647d9533956fdb12da6b1fc6254441,bulk,transverse colon
http://purl.obolibrary.org/obo/UBERON_0000059,large intestine,http://purl.org/ccf/latest/ccf.owl#VHMColon,http://purl.obolibrary.org/obo/UBERON_0001157,https://entity.api.hubmapconsortium.org/entities/98d54824c0eb9843865dfc3a53b4cff4,spatial,transverse colon
http://purl.obolibrary.org/obo/UBERON_0000948,heart,http://purl.org/ccf/latest/ccf.owl#VHMHeart,http://purl.obolibrary.org/obo/UBERON_0002084,https://entity.api.hubmapconsortium.org/entities/c6bb00096b0cf40751f9d6003fb730c7,bulk,heart left ventricle
http://purl.obolibrary.org/obo/UBERON_0000948,heart,http://purl.org/ccf/latest/ccf.owl#VHMHeart,http://purl.obolibrary.org/obo/UBERON_0002084,https://entity.api.hubmapconsortium.org/entities/6f98ad7345f59e9a0a60b6f706b373bb,bulk,heart left ventricle
http://purl.obolibrary.org/obo/UBERON_0000948,heart,http://purl.org/ccf/latest/ccf.owl#VHMHeart,http://purl.obolibrary.org/obo/UBERON_0002084,https://entity.api.hubmapconsortium.org/entities/61f4223d67ed09c9b167ebeae12c1532,bulk,heart left ventricle
http://purl.obolibrary.org/obo/UBERON_0000948,heart,http://purl.org/ccf/latest/ccf.owl#VHMHeart,http://purl.obolibrary.org/obo/UBERON_0002084,https://entity.api.hubmapconsortium.org/entities/19304b10d9e1f17af19cccb2feb014a5,bulk,heart left ventricle
http://purl.obolibrary.org/obo/UBERON_0000948,heart,http://purl.org/ccf/latest/ccf.owl#VHMHeart,http://purl.obolibrary.org/obo/UBERON_0002084,https://entity.api.hubmapconsortium.org/entities/4c435d2297941eafda7fe30f327f88ec,bulk,heart left ventricle
http://purl.obolibrary.org/obo/UBERON_0000948,heart,http://purl.org/ccf/latest/ccf.owl#VHMHeart,http://purl.obolibrary.org/obo/UBERON_0002084,https://entity.api.hubmapconsortium.org/entities/224e01ccfc20977ee5a6a6a5b96aa7d7,bulk,heart left ventricle
http://purl.obolibrary.org/obo/UBERON_0000948,heart,http://purl.org/ccf/latest/ccf.owl#VHMHeart,http://purl.obolibrary.org/obo/UBERON_0002084,https://entity.api.hubmapconsortium.org/entities/7d70a4deb9e2f0592f0c56e20ca91169,bulk,heart left ventricle
http://purl.obolibrary.org/obo/UBERON_0002106,spleen,http://purl.org/ccf/latest/ccf.owl#VHMSpleen,http://purl.obolibrary.org/obo/UBERON_0001248,https://entity.api.hubmapconsortium.org/entities/391061b538480d6d630bdfec283c0293,bulk,hilum of spleen
http://purl.obolibrary.org/obo/UBERON_0002106,spleen,http://purl.org/ccf/latest/ccf.owl#VHMSpleen,http://purl.obolibrary.org/obo/UBERON_0001248,https://entity.api.hubmapconsortium.org/entities/7b99b447ffc977a3f6f890d32c7238b3,bulk,hilum of spleen
http://purl.obolibrary.org/obo/UBERON_0002108,small intestine,http://purl.org/ccf/latest/ccf.owl#VHMSmallIntestine,http://purl.org/sig/ont/fma/fma14929,https://entity.api.hubmapconsortium.org/entities/50f466268d42ee8ebf929757ed670d12,spatial,horizontal part of duodenum
http://purl.obolibrary.org/obo/UBERON_0002108,small intestine,http://purl.org/ccf/latest/ccf.owl#VHFSmallIntestine,http://purl.obolibrary.org/obo/UBERON_0002115,https://entity.api.hubmapconsortium.org/entities/e45724a72ab0e7d7b283451836dd983e,spatial,jejunum
http://purl.obolibrary.org/obo/UBERON_0002108,small intestine,http://purl.org/ccf/latest/ccf.owl#VHMSmallIntestine,http://purl.org/sig/ont/fma/fma14929,https://entity.api.hubmapconsortium.org/entities/be737d348cf32ff4c38145a928e0f435,spatial,horizontal part of duodenum
http://purl.obolibrary.org/obo/UBERON_0002108,small intestine,http://purl.org/ccf/latest/ccf.owl#VHMSmallIntestine,http://purl.org/sig/ont/fma/fma14930,https://entity.api.hubmapconsortium.org/entities/be737d348cf32ff4c38145a928e0f435,spatial,ascending part of duodenum
http://purl.obolibrary.org/obo/UBERON_0002108,small intestine,http://purl.org/ccf/latest/ccf.owl#VHMSmallIntestine,http://purl.org/sig/ont/fma/fma14929,https://entity.api.hubmapconsortium.org/entities/79bf632f74be9a08676131877d919127,bulk,horizontal part of duodenum
http://purl.obolibrary.org/obo/UBERON_0002108,small intestine,http://purl.org/ccf/latest/ccf.owl#VHMSmallIntestine,http://purl.org/sig/ont/fma/fma14929,https://entity.api.hubmapconsortium.org/entities/6751b407aa567865e4aa0bff3bd80a78,bulk,horizontal part of duodenum
http://purl.obolibrary.org/obo/UBERON_0002108,small intestine,http://purl.org/ccf/latest/ccf.owl#VHMSmallIntestine,http://purl.org/sig/ont/fma/fma14929,https://entity.api.hubmapconsortium.org/entities/5afac98d9f449f2169b505179dd96f0e,spatial,horizontal part of duodenum
http://purl.obolibrary.org/obo/UBERON_0002108,small intestine,http://purl.org/ccf/latest/ccf.owl#VHFSmallIntestine,http://purl.obolibrary.org/obo/UBERON_0002116,https://entity.api.hubmapconsortium.org/entities/a7ecf4fd858a58dcaa3bab5df455065b,spatial,ileum
http://purl.obolibrary.org/obo/UBERON_0002108,small intestine,http://purl.org/ccf/latest/ccf.owl#VHMSmallIntestine,http://purl.org/sig/ont/fma/fma14929,https://entity.api.hubmapconsortium.org/entities/a9d4471b41cd0d8185e12dd6c5a48e96,spatial,horizontal part of duodenum
http://purl.obolibrary.org/obo/UBERON_0002108,small intestine,http://purl.org/ccf/latest/ccf.owl#VHMSmallIntestine,http://purl.org/sig/ont/fma/fma14929,https://entity.api.hubmapconsortium.org/entities/ced1599b71875ead46a41286ce67ba53,bulk,horizontal part of duodenum
http://purl.obolibrary.org/obo/UBERON_0002108,small intestine,http://purl.org/ccf/latest/ccf.owl#VHMSmallIntestine,http://purl.org/sig/ont/fma/fma14930,https://entity.api.hubmapconsortium.org/entities/81d8286998779f11d424210f19276941,bulk,ascending part of duodenum
http://purl.obolibrary.org/obo/UBERON_0002108,small intestine,http://purl.org/ccf/latest/ccf.owl#VHFSmallIntestine,http://purl.obolibrary.org/obo/UBERON_0002115,https://entity.api.hubmapconsortium.org/entities/69ede86e15f4c129ca8eff2bb9940b36,bulk,jejunum
http://purl.obolibrary.org/obo/UBERON_0002108,small intestine,http://purl.org/ccf/latest/ccf.owl#VHMSmallIntestine,http://purl.org/sig/ont/fma/fma14929,https://entity.api.hubmapconsortium.org/entities/ae24a29456fe677fcb97a4468eba922a,bulk,horizontal part of duodenum
http://purl.obolibrary.org/obo/UBERON_0002108,small intestine,http://purl.org/ccf/latest/ccf.owl#VHFSmallIntestine,http://purl.obolibrary.org/obo/UBERON_0002116,https://entity.api.hubmapconsortium.org/entities/4c4a3047474bf43ea46ca99157c460e1,bulk,ileum
http://purl.obolibrary.org/obo/UBERON_0002106,spleen,http://purl.org/ccf/latest/ccf.owl#VHMSpleen,http://purl.org/sig/ont/fma/fma15828,https://entity.api.hubmapconsortium.org/entities/f412e76986c1012ea9589d545ed8f043,bulk,diaphragmatic surface of spleen
http://purl.obolibrary.org/obo/UBERON_0002106,spleen,http://purl.org/ccf/latest/ccf.owl#VHMSpleen,http://purl.org/sig/ont/fma/fma15828,https://entity.api.hubmapconsortium.org/entities/046251c94ea0e79ee935dd3de57e093c,bulk,diaphragmatic surface of spleen
http://purl.obolibrary.org/obo/UBERON_0002106,spleen,http://purl.org/ccf/latest/ccf.owl#VHFSpleen,http://purl.obolibrary.org/obo/UBERON_0001248,https://entity.api.hubmapconsortium.org/entities/d9780d3f4eb9edfe275abaa32ff8633b,bulk,hilum of spleen
http://purl.obolibrary.org/obo/UBERON_0002106,spleen,http://purl.org/ccf/latest/ccf.owl#VHFSpleen,http://purl.org/sig/ont/fma/fma15828,https://entity.api.hubmapconsortium.org/entities/d9780d3f4eb9edfe275abaa32ff8633b,bulk,diaphragmatic surface of spleen
http://purl.obolibrary.org/obo/UBERON_0002106,spleen,http://purl.org/ccf/latest/ccf.owl#VHMSpleen,http://purl.org/sig/ont/fma/fma15828,https://entity.api.hubmapconsortium.org/entities/29a538c3ddb396dee26188ae1151da46,bulk,diaphragmatic surface of spleen
http://purl.obolibrary.org/obo/UBERON_0002106,spleen,http://purl.org/ccf/latest/ccf.owl#VHFSpleen,http://purl.obolibrary.org/obo/UBERON_0001248,https://entity.api.hubmapconsortium.org/entities/f71249f6e349fb9a99a3d4f08541cab4,bulk,hilum of spleen
http://purl.obolibrary.org/obo/UBERON_0002106,spleen,http://purl.org/ccf/latest/ccf.owl#VHFSpleen,http://purl.org/sig/ont/fma/fma15828,https://entity.api.hubmapconsortium.org/entities/f71249f6e349fb9a99a3d4f08541cab4,bulk,diaphragmatic surface of spleen
http://purl.obolibrary.org/obo/UBERON_0002106,spleen,http://purl.org/ccf/latest/ccf.owl#VHMSpleen,http://purl.org/sig/ont/fma/fma15828,https://entity.api.hubmapconsortium.org/entities/319aafd9420a0c1c6f175d6a2ef060a9,bulk,diaphragmatic surface of spleen
http://purl.obolibrary.org/obo/UBERON_0002106,spleen,http://purl.org/ccf/latest/ccf.owl#VHMSpleen,http://purl.org/sig/ont/fma/fma15828,https://entity.api.hubmapconsortium.org/entities/391061b538480d6d630bdfec283c0293,bulk,diaphragmatic surface of spleen
http://purl.obolibrary.org/obo/UBERON_0002106,spleen,http://purl.org/ccf/latest/ccf.owl#VHMSpleen,http://purl.org/sig/ont/fma/fma15828,https://entity.api.hubmapconsortium.org/entities/7b99b447ffc977a3f6f890d32c7238b3,bulk,diaphragmatic surface of spleen
http://purl.obolibrary.org/obo/UBERON_0002106,spleen,http://purl.org/ccf/latest/ccf.owl#VHMSpleen,http://purl.org/sig/ont/fma/fma15828,https://entity.api.hubmapconsortium.org/entities/9a36e5319429ec6aca5a8a9fef401929,bulk,diaphragmatic surface of spleen
http://purl.obolibrary.org/obo/UBERON_0002106,spleen,http://purl.org/ccf/latest/ccf.owl#VHMSpleen,http://purl.org/sig/ont/fma/fma15828,https://entity.api.hubmapconsortium.org/entities/d48b7990d638dbede870ae9c1976e475,bulk,diaphragmatic surface of spleen
http://purl.obolibrary.org/obo/UBERON_0002106,spleen,http://purl.org/ccf/latest/ccf.owl#VHMSpleen,http://purl.org/sig/ont/fma/fma15828,https://entity.api.hubmapconsortium.org/entities/8e2806ca447695e674889dba28506d38,bulk,diaphragmatic surface of spleen
http://purl.obolibrary.org/obo/UBERON_0002108,small intestine,http://purl.org/ccf/latest/ccf.owl#VHFSmallIntestine,http://purl.org/sig/ont/fma/fma14930,https://entity.api.hubmapconsortium.org/entities/7034950e109586361e73c1b9ddb81346,spatial,ascending part of duodenum
http://purl.obolibrary.org/obo/UBERON_0002108,small intestine,http://purl.org/ccf/latest/ccf.owl#VHFSmallIntestine,http://purl.org/sig/ont/fma/fma14929,https://entity.api.hubmapconsortium.org/entities/7034950e109586361e73c1b9ddb81346,spatial,horizontal part of duodenum
http://purl.obolibrary.org/obo/UBERON_0002108,small intestine,http://purl.org/ccf/latest/ccf.owl#VHMSmallIntestine,http://purl.obolibrary.org/obo/UBERON_0002115,https://entity.api.hubmapconsortium.org/entities/6df2f796ad72307d04dc94d688b725c5,spatial,jejunum
http://purl.obolibrary.org/obo/UBERON_0002108,small intestine,http://purl.org/ccf/latest/ccf.owl#VHMSmallIntestine,http://purl.org/sig/ont/fma/fma14930,https://entity.api.hubmapconsortium.org/entities/f85a3bfcde06f603102506c851dd76a0,bulk,ascending part of duodenum
http://purl.obolibrary.org/obo/UBERON_0002108,small intestine,http://purl.org/ccf/latest/ccf.owl#VHMSmallIntestine,http://purl.org/sig/ont/fma/fma14930,https://entity.api.hubmapconsortium.org/entities/50f466268d42ee8ebf929757ed670d12,spatial,ascending part of duodenum
http://purl.obolibrary.org/obo/UBERON_0002108,small intestine,http://purl.org/ccf/latest/ccf.owl#VHMSmallIntestine,http://purl.org/sig/ont/fma/fma14928,https://entity.api.hubmapconsortium.org/entities/266d58d22549461cd454c32084b9f7fe,bulk,descending part of duodenum
http://purl.obolibrary.org/obo/UBERON_0002108,small intestine,http://purl.org/ccf/latest/ccf.owl#VHMSmallIntestine,http://purl.org/sig/ont/fma/fma14928,https://entity.api.hubmapconsortium.org/entities/148d6445ed0cda5cabae377829013b4c,bulk,descending part of duodenum
http://purl.obolibrary.org/obo/UBERON_0002108,small intestine,http://purl.org/ccf/latest/ccf.owl#VHMSmallIntestine,http://purl.obolibrary.org/obo/UBERON_0002115,https://entity.api.hubmapconsortium.org/entities/811e4fd5a09896edcb70814a582e85e4,bulk,jejunum
http://purl.obolibrary.org/obo/UBERON_0002108,small intestine,http://purl.org/ccf/latest/ccf.owl#VHMSmallIntestine,http://purl.org/sig/ont/fma/fma14928,https://entity.api.hubmapconsortium.org/entities/174c43df28ab2ab737471d00a65d7730,bulk,descending part of duodenum
http://purl.obolibrary.org/obo/UBERON_0002108,small intestine,http://purl.org/ccf/latest/ccf.owl#VHMSmallIntestine,http://purl.org/sig/ont/fma/fma14928,https://entity.api.hubmapconsortium.org/entities/11b4f413984624557c2b1a4566b0d71a,spatial,descending part of duodenum
http://purl.obolibrary.org/obo/UBERON_0002108,small intestine,http://purl.org/ccf/latest/ccf.owl#VHFSmallIntestine,http://purl.org/sig/ont/fma/fma14966,https://entity.api.hubmapconsortium.org/entities/8a5592389339a77ce7697f516aa721fe,bulk,distal part of ileum
http://purl.obolibrary.org/obo/UBERON_0002108,small intestine,http://purl.org/ccf/latest/ccf.owl#VHMSmallIntestine,http://purl.org/sig/ont/fma/fma14930,https://entity.api.hubmapconsortium.org/entities/c0f9540056469f86daa7c7a363dfb0bd,spatial,ascending part of duodenum
http://purl.obolibrary.org/obo/UBERON_0002108,small intestine,http://purl.org/ccf/latest/ccf.owl#VHFSmallIntestine,http://purl.org/sig/ont/fma/fma14930,https://entity.api.hubmapconsortium.org/entities/8c1ad4c380ae5477d0b7875fa47e867e,bulk,ascending part of duodenum
http://purl.obolibrary.org/obo/UBERON_0002108,small intestine,http://purl.org/ccf/latest/ccf.owl#VHFSmallIntestine,http://purl.org/sig/ont/fma/fma14929,https://entity.api.hubmapconsortium.org/entities/8c1ad4c380ae5477d0b7875fa47e867e,bulk,horizontal part of duodenum
http://purl.obolibrary.org/obo/UBERON_0002108,small intestine,http://purl.org/ccf/latest/ccf.owl#VHMSmallIntestine,http://purl.org/sig/ont/fma/fma14928,https://entity.api.hubmapconsortium.org/entities/8ae1c6747fb4f469edd91f1f23f65d24,bulk,descending part of duodenum
http://purl.obolibrary.org/obo/UBERON_0002108,small intestine,http://purl.org/ccf/latest/ccf.owl#VHMSmallIntestine,http://purl.obolibrary.org/obo/UBERON_0002115,https://entity.api.hubmapconsortium.org/entities/3f3d9117172a7ebda1a57b2d871ce1be,bulk,jejunum
http://purl.obolibrary.org/obo/UBERON_0002108,small intestine,http://purl.org/ccf/latest/ccf.owl#VHFSmallIntestine,http://purl.org/sig/ont/fma/fma14930,https://entity.api.hubmapconsortium.org/entities/8704f735f701691de8ba8f88ebf01a77,spatial,ascending part of duodenum
http://purl.obolibrary.org/obo/UBERON_0002108,small intestine,http://purl.org/ccf/latest/ccf.owl#VHFSmallIntestine,http://purl.org/sig/ont/fma/fma14929,https://entity.api.hubmapconsortium.org/entities/8704f735f701691de8ba8f88ebf01a77,spatial,horizontal part of duodenum
http://purl.obolibrary.org/obo/UBERON_0002108,small intestine,http://purl.org/ccf/latest/ccf.owl#VHMSmallIntestine,http://purl.obolibrary.org/obo/UBERON_0002115,https://entity.api.hubmapconsortium.org/entities/fb71322290f359a730b709e2c58f8897,spatial,jejunum
http://purl.obolibrary.org/obo/UBERON_0002108,small intestine,http://purl.org/ccf/latest/ccf.owl#VHMSmallIntestine,http://purl.org/sig/ont/fma/fma14928,https://entity.api.hubmapconsortium.org/entities/07b9f36478e22bf820ac6a084e01bf94,bulk,descending part of duodenum
http://purl.obolibrary.org/obo/UBERON_0002108,small intestine,http://purl.org/ccf/latest/ccf.owl#VHMSmallIntestine,http://purl.org/sig/ont/fma/fma14928,https://entity.api.hubmapconsortium.org/entities/b3e6c1651d33bdec8a827144c667e998,spatial,descending part of duodenum
http://purl.obolibrary.org/obo/UBERON_0002108,small intestine,http://purl.org/ccf/latest/ccf.owl#VHMSmallIntestine,http://purl.org/sig/ont/fma/fma14928,https://entity.api.hubmapconsortium.org/entities/f7b14f3298c0676d8cc5b127e72c8bc7,spatial,descending part of duodenum
http://purl.obolibrary.org/obo/UBERON_0002108,small intestine,http://purl.org/ccf/latest/ccf.owl#VHFSmallIntestine,http://purl.org/sig/ont/fma/fma14930,https://entity.api.hubmapconsortium.org/entities/0910bfd40695181a73e5059909e46cda,bulk,ascending part of duodenum
http://purl.obolibrary.org/obo/UBERON_0002108,small intestine,http://purl.org/ccf/latest/ccf.owl#VHFSmallIntestine,http://purl.org/sig/ont/fma/fma14929,https://entity.api.hubmapconsortium.org/entities/0910bfd40695181a73e5059909e46cda,bulk,horizontal part of duodenum
http://purl.obolibrary.org/obo/UBERON_0002108,small intestine,http://purl.org/ccf/latest/ccf.owl#VHMSmallIntestine,http://purl.org/sig/ont/fma/fma14930,https://entity.api.hubmapconsortium.org/entities/79bf632f74be9a08676131877d919127,bulk,ascending part of duodenum
http://purl.obolibrary.org/obo/UBERON_0002108,small intestine,http://purl.org/ccf/latest/ccf.owl#VHMSmallIntestine,http://purl.org/sig/ont/fma/fma14930,https://entity.api.hubmapconsortium.org/entities/6751b407aa567865e4aa0bff3bd80a78,bulk,ascending part of duodenum
http://purl.obolibrary.org/obo/UBERON_0002108,small intestine,http://purl.org/ccf/latest/ccf.owl#VHMSmallIntestine,http://purl.org/sig/ont/fma/fma14930,https://entity.api.hubmapconsortium.org/entities/5afac98d9f449f2169b505179dd96f0e,spatial,ascending part of duodenum
http://purl.obolibrary.org/obo/UBERON_0002108,small intestine,http://purl.org/ccf/latest/ccf.owl#VHFSmallIntestine,http://purl.org/sig/ont/fma/fma14966,https://entity.api.hubmapconsortium.org/entities/a7ecf4fd858a58dcaa3bab5df455065b,spatial,distal part of ileum
http://purl.obolibrary.org/obo/UBERON_0002108,small intestine,http://purl.org/ccf/latest/ccf.owl#VHMSmallIntestine,http://purl.org/sig/ont/fma/fma14930,https://entity.api.hubmapconsortium.org/entities/a9d4471b41cd0d8185e12dd6c5a48e96,spatial,ascending part of duodenum
http://purl.obolibrary.org/obo/UBERON_0002108,small intestine,http://purl.org/ccf/latest/ccf.owl#VHMSmallIntestine,http://purl.org/sig/ont/fma/fma14930,https://entity.api.hubmapconsortium.org/entities/ced1599b71875ead46a41286ce67ba53,bulk,ascending part of duodenum
http://purl.obolibrary.org/obo/UBERON_0002108,small intestine,http://purl.org/ccf/latest/ccf.owl#VHMSmallIntestine,http://purl.org/sig/ont/fma/fma14928,https://entity.api.hubmapconsortium.org/entities/262419be2d6fc1fbbbdcbf9645d7b11a,spatial,descending part of duodenum
http://purl.obolibrary.org/obo/UBERON_0002108,small intestine,http://purl.org/ccf/latest/ccf.owl#VHMSmallIntestine,http://purl.obolibrary.org/obo/UBERON_0002115,https://entity.api.hubmapconsortium.org/entities/1c7aed43c995b32eb9b7233dce635529,bulk,jejunum
http://purl.obolibrary.org/obo/UBERON_0002108,small intestine,http://purl.org/ccf/latest/ccf.owl#VHFSmallIntestine,http://purl.org/sig/ont/fma/fma14966,https://entity.api.hubmapconsortium.org/entities/3a4fb23a49fba2647dba2b8f57976d25,spatial,distal part of ileum
http://purl.obolibrary.org/obo/UBERON_0002108,small intestine,http://purl.org/ccf/latest/ccf.owl#VHMSmallIntestine,http://purl.org/sig/ont/fma/fma14930,https://entity.api.hubmapconsortium.org/entities/ae24a29456fe677fcb97a4468eba922a,bulk,ascending part of duodenum
http://purl.obolibrary.org/obo/UBERON_0002108,small intestine,http://purl.org/ccf/latest/ccf.owl#VHFSmallIntestine,http://purl.org/sig/ont/fma/fma14966,https://entity.api.hubmapconsortium.org/entities/4c4a3047474bf43ea46ca99157c460e1,bulk,distal part of ileum
http://purl.obolibrary.org/obo/UBERON_0002108,small intestine,http://purl.org/ccf/latest/ccf.owl#VHMSmallIntestine,http://purl.org/sig/ont/fma/fma14966,https://entity.api.hubmapconsortium.org/entities/33fcecfcdb5a264554dc06db897cd4f8,spatial,distal part of ileum
http://purl.obolibrary.org/obo/UBERON_0002108,small intestine,http://purl.org/ccf/latest/ccf.owl#VHMSmallIntestine,http://purl.obolibrary.org/obo/UBERON_0002115,https://entity.api.hubmapconsortium.org/entities/aea2908c0165645e2c1a1251362c2465,spatial,jejunum
http://purl.obolibrary.org/obo/UBERON_0002108,small intestine,http://purl.org/ccf/latest/ccf.owl#VHMSmallIntestine,http://purl.org/sig/ont/fma/fma14966,https://entity.api.hubmapconsortium.org/entities/0b528e5d674fadada32215c364f6fcaa,bulk,distal part of ileum
http://purl.obolibrary.org/obo/UBERON_0002108,small intestine,http://purl.org/ccf/latest/ccf.owl#VHMSmallIntestine,http://purl.obolibrary.org/obo/UBERON_0002115,https://entity.api.hubmapconsortium.org/entities/be815eafcdc11825037586353cf34b86,spatial,jejunum
http://purl.obolibrary.org/obo/UBERON_0002108,small intestine,http://purl.org/ccf/latest/ccf.owl#VHFSmallIntestine,http://purl.org/sig/ont/fma/fma14928,https://entity.api.hubmapconsortium.org/entities/4839e7564bc7676e781b8f3f9bfbf35b,spatial,descending part of duodenum
http://purl.obolibrary.org/obo/UBERON_0002108,small intestine,http://purl.org/ccf/latest/ccf.owl#VHFSmallIntestine,http://purl.org/sig/ont/fma/fma14926,https://entity.api.hubmapconsortium.org/entities/4839e7564bc7676e781b8f3f9bfbf35b,spatial,superior part of duodenum
http://purl.obolibrary.org/obo/UBERON_0002108,small intestine,http://purl.org/ccf/latest/ccf.owl#VHMSmallIntestine,http://purl.org/sig/ont/fma/fma14928,https://entity.api.hubmapconsortium.org/entities/f9ae88d0a98b274efe18f03622de08a7,spatial,descending part of duodenum
http://purl.obolibrary.org/obo/UBERON_0002108,small intestine,http://purl.org/ccf/latest/ccf.owl#VHFSmallIntestine,http://purl.org/sig/ont/fma/fma14928,https://entity.api.hubmapconsortium.org/entities/a24771788dc2d572e267badeb701161d,bulk,descending part of duodenum
http://purl.obolibrary.org/obo/UBERON_0002108,small intestine,http://purl.org/ccf/latest/ccf.owl#VHFSmallIntestine,http://purl.org/sig/ont/fma/fma14926,https://entity.api.hubmapconsortium.org/entities/a24771788dc2d572e267badeb701161d,bulk,superior part of duodenum
http://purl.obolibrary.org/obo/UBERON_0002108,small intestine,http://purl.org/ccf/latest/ccf.owl#VHMSmallIntestine,http://purl.obolibrary.org/obo/UBERON_0002115,https://entity.api.hubmapconsortium.org/entities/a56498f8e577a6caed934c83cbbb0bb3,bulk,jejunum
